datetime,date,open,high,low,close,volume,oi
2024-01-02 07:00:00,2024-01-02,84.82,85.57,78.91,80.28,22440.0,246427.0
2024-01-03 07:00:00,2024-01-03,80.49,82.12,80.33,81.67,15814.0,245981.0
2024-01-04 07:00:00,2024-01-04,81.81,82.61,79.15,80.14,18261.0,247085.0
2024-01-05 07:00:00,2024-01-05,80.17,81.09,79.53,80.67,12276.0,246559.0
2024-01-08 07:00:00,2024-01-08,80.31,80.52,76.25,76.74,21593.0,247220.0
2024-01-09 07:00:00,2024-01-09,76.31,77.17,75.44,76.26,18152.0,247917.0
2024-01-10 07:00:00,2024-01-10,76.14,77.12,73.57,74.31,23712.0,252367.0
2024-01-11 07:00:00,2024-01-11,74.4,74.63,71.3,72.24,30136.0,256467.0
2024-01-12 07:00:00,2024-01-12,72.37,73.77,69.05,70.13,30253.0,260801.0
2024-01-15 07:00:00,2024-01-15,70.32,71.84,68.93,71.57,25102.0,259218.0
2024-01-16 07:00:00,2024-01-16,71.3,71.72,69.34,69.91,26136.0,260611.0
2024-01-17 07:00:00,2024-01-17,69.71,70.44,67.18,67.47,29878.0,261762.0
2024-01-18 07:00:00,2024-01-18,67.43,68.45,66.78,67.33,22395.0,263531.0
2024-01-19 07:00:00,2024-01-19,67.69,68.67,67.25,67.97,20192.0,264703.0
2024-01-22 07:00:00,2024-01-22,67.47,67.47,65.18,66.36,25424.0,265672.0
2024-01-23 07:00:00,2024-01-23,66.43,68.12,65.92,67.37,24453.0,264950.0
2024-01-24 07:00:00,2024-01-24,67.68,70.43,67.43,70.14,26517.0,263929.0
2024-01-25 07:00:00,2024-01-25,70.47,70.75,67.2,67.53,31173.0,268418.0
2024-01-26 07:00:00,2024-01-26,67.47,69.47,66.32,67.9,25932.0,269839.0
2024-01-29 07:00:00,2024-01-29,67.92,68.45,65.89,66.1,28387.0,269994.0
2024-01-30 07:00:00,2024-01-30,66.03,68.34,65.55,67.83,29131.0,272609.0
2024-01-31 07:00:00,2024-01-31,68.3,69.47,67.26,68.48,23711.0,272614.0
2024-02-01 07:00:00,2024-02-01,68.48,69.2,66.4,66.51,27170.0,275328.0
2024-02-02 07:00:00,2024-02-02,66.29,68.7,66.22,67.72,25593.0,275630.0
2024-02-05 07:00:00,2024-02-05,68.12,68.77,66.39,66.99,22594.0,277917.0
2024-02-06 07:00:00,2024-02-06,67.11,68.29,66.32,67.9,22237.0,278078.0
2024-02-07 07:00:00,2024-02-07,67.67,68.02,66.56,66.73,19327.0,277076.0
2024-02-08 07:00:00,2024-02-08,66.82,66.82,64.58,65.1,29403.0,280639.0
2024-02-09 07:00:00,2024-02-09,65.0,65.0,62.52,63.11,31446.0,284512.0
2024-02-12 07:00:00,2024-02-12,62.96,63.13,60.91,61.21,27933.0,286130.0
2024-02-13 07:00:00,2024-02-13,61.52,62.32,59.93,60.75,32485.0,287140.0
2024-02-14 07:00:00,2024-02-14,60.97,61.9,59.73,60.95,29361.0,286484.0
2024-02-15 07:00:00,2024-02-15,60.76,63.37,60.45,62.23,31537.0,285842.0
2024-02-16 07:00:00,2024-02-16,62.18,62.53,60.59,61.49,23354.0,286053.0
2024-02-19 07:00:00,2024-02-19,61.43,61.43,57.22,57.86,37617.0,290705.0
2024-02-20 07:00:00,2024-02-20,57.82,59.39,56.04,58.63,35225.0,288407.0
2024-02-21 07:00:00,2024-02-21,58.37,59.3,57.59,58.87,23689.0,288096.0
2024-02-22 07:00:00,2024-02-22,58.63,58.81,56.69,57.12,31325.0,289539.0
2024-02-23 07:00:00,2024-02-23,57.12,57.33,55.4,56.54,31097.0,289803.0
2024-02-26 07:00:00,2024-02-26,56.48,58.87,55.87,58.29,30666.0,289628.0
2024-02-27 07:00:00,2024-02-27,58.08,60.58,56.77,60.0,36340.0,287829.0
2024-02-28 07:00:00,2024-02-28,60.52,63.2,59.77,62.16,46006.0,283709.0
2024-02-29 07:00:00,2024-02-29,61.85,62.15,59.57,60.32,33973.0,281610.0
2024-03-01 07:00:00,2024-03-01,60.35,61.17,59.37,60.69,24889.0,282907.0
2024-03-04 07:00:00,2024-03-04,60.67,62.12,57.74,61.35,40357.0,286353.0
2024-03-05 07:00:00,2024-03-05,61.6,65.71,61.02,64.86,59671.0,282222.0
2024-03-06 07:00:00,2024-03-06,64.57,67.12,62.37,63.55,53980.0,282480.0
2024-03-07 07:00:00,2024-03-07,63.11,65.41,61.72,63.48,45344.0,285313.0
2024-03-08 07:00:00,2024-03-08,63.32,64.56,62.12,62.71,32550.0,287330.0
2024-03-11 07:00:00,2024-03-11,62.32,62.71,60.09,60.53,32853.0,289219.0
2024-03-12 07:00:00,2024-03-12,60.58,61.4,59.53,60.83,34864.0,289607.0
2024-03-13 07:00:00,2024-03-13,61.18,62.24,59.85,60.36,33194.0,293878.0
2024-03-14 07:00:00,2024-03-14,60.26,63.68,59.34,62.77,37897.0,289989.0
2024-03-15 07:00:00,2024-03-15,63.12,64.57,62.46,63.71,38703.0,294097.0
2024-03-18 07:00:00,2024-03-18,63.77,66.66,63.77,65.75,41647.0,295129.0
2024-03-19 07:00:00,2024-03-19,65.73,67.21,63.82,65.16,32342.0,293112.0
2024-03-20 07:00:00,2024-03-20,65.62,65.78,64.29,64.94,24031.0,292958.0
2024-03-21 07:00:00,2024-03-21,64.5,64.62,63.12,63.39,28068.0,294791.0
2024-03-22 07:00:00,2024-03-22,63.47,66.38,63.12,65.83,31005.0,297063.0
2024-03-25 07:00:00,2024-03-25,66.01,69.81,66.0,69.32,36881.0,297131.0
2024-03-26 07:00:00,2024-03-26,68.96,70.1,66.48,66.6,39899.0,299462.0
2024-03-27 07:00:00,2024-03-27,66.82,67.63,65.36,66.75,29533.0,303156.0
2024-03-28 07:00:00,2024-03-28,66.82,67.21,65.64,66.12,21555.0,305049.0
2024-04-02 06:00:00,2024-04-02,65.8,65.82,62.88,63.04,31990.0,305461.0
2024-04-03 06:00:00,2024-04-03,63.61,63.81,61.22,61.73,26576.0,303974.0
2024-04-04 06:00:00,2024-04-04,61.41,63.56,61.41,62.82,26054.0,303135.0
2024-04-05 06:00:00,2024-04-05,62.68,65.47,62.57,64.9,30835.0,301216.0
2024-04-08 06:00:00,2024-04-08,65.22,68.12,64.01,67.83,37163.0,301156.0
2024-04-09 06:00:00,2024-04-09,67.71,68.96,66.82,68.39,41638.0,290662.0
2024-04-10 06:00:00,2024-04-10,68.14,69.42,66.61,67.19,30554.0,292220.0
2024-04-11 06:00:00,2024-04-11,67.57,73.27,67.12,72.35,54795.0,290698.0
2024-04-12 06:00:00,2024-04-12,72.92,76.19,72.38,75.87,52417.0,289544.0
2024-04-15 06:00:00,2024-04-15,75.92,75.96,73.42,74.87,35524.0,287937.0
2024-04-16 06:00:00,2024-04-16,74.57,79.22,74.07,77.94,43735.0,286818.0
2024-04-17 06:00:00,2024-04-17,78.45,78.82,73.55,74.3,42918.0,285563.0
2024-04-18 06:00:00,2024-04-18,74.22,76.61,72.47,75.85,40868.0,283273.0
2024-04-19 06:00:00,2024-04-19,76.83,77.62,72.42,73.13,32412.0,282241.0
2024-04-22 06:00:00,2024-04-22,72.41,72.51,70.33,70.65,38294.0,286331.0
2024-04-23 06:00:00,2024-04-23,70.56,71.56,69.66,69.99,31308.0,288230.0
2024-04-24 06:00:00,2024-04-24,70.57,71.79,69.07,70.79,30108.0,292075.0
2024-04-25 06:00:00,2024-04-25,71.32,74.29,70.86,72.71,36770.0,295607.0
2024-04-26 06:00:00,2024-04-26,72.53,73.52,70.89,71.24,21468.0,297800.0
2024-04-29 06:00:00,2024-04-29,71.32,71.68,69.33,69.81,21882.0,299350.0
2024-04-30 06:00:00,2024-04-30,70.27,73.92,69.7,72.84,31133.0,300518.0
2024-05-01 06:00:00,2024-05-01,73.51,73.58,71.67,72.14,13263.0,300835.0
2024-05-02 06:00:00,2024-05-02,72.2,77.51,71.53,76.83,48552.0,305873.0
2024-05-03 06:00:00,2024-05-03,76.85,78.88,75.69,76.33,34658.0,304693.0
2024-05-06 06:00:00,2024-05-06,76.06,78.81,75.8,77.52,20614.0,306017.0
2024-05-07 06:00:00,2024-05-07,77.57,78.62,74.82,75.3,37056.0,311125.0
2024-05-08 06:00:00,2024-05-08,75.21,77.12,73.9,76.01,26168.0,311572.0
2024-05-09 06:00:00,2024-05-09,75.71,78.4,75.45,77.58,17429.0,312377.0
2024-05-10 06:00:00,2024-05-10,77.82,79.82,75.59,76.23,25330.0,313285.0
2024-05-13 06:00:00,2024-05-13,75.65,75.81,73.02,74.13,30747.0,313456.0
2024-05-14 06:00:00,2024-05-14,74.34,75.64,73.34,74.54,20492.0,315931.0
2024-05-15 06:00:00,2024-05-15,74.52,76.17,73.41,73.78,24297.0,318191.0
2024-05-16 06:00:00,2024-05-16,73.41,75.6,73.2,74.42,25314.0,321366.0
2024-05-17 06:00:00,2024-05-17,74.82,75.87,73.9,75.01,22632.0,322522.0
2024-05-20 06:00:00,2024-05-20,75.32,79.22,75.32,78.54,35750.0,323298.0
2024-05-21 06:00:00,2024-05-21,78.5,80.96,77.37,80.57,34332.0,325214.0
2024-05-22 06:00:00,2024-05-22,80.3,81.82,79.82,80.53,29254.0,325224.0
2024-05-23 06:00:00,2024-05-23,80.72,82.42,79.82,80.13,32467.0,326314.0
2024-05-24 06:00:00,2024-05-24,80.32,81.02,78.17,79.93,23462.0,326226.0
2024-05-27 06:00:00,2024-05-27,80.02,81.32,79.82,80.57,11805.0,326832.0
2024-05-28 06:00:00,2024-05-28,80.32,80.57,78.41,78.9,27539.0,329293.0
2024-05-29 06:00:00,2024-05-29,78.82,79.92,77.27,78.18,21858.0,329544.0
2024-05-30 06:00:00,2024-05-30,78.11,80.23,77.69,79.8,24171.0,329425.0
2024-05-31 06:00:00,2024-05-31,79.8,80.8,78.17,78.42,24059.0,329627.0
2024-06-03 06:00:00,2024-06-03,78.72,82.13,78.55,78.89,33956.0,330170.0
2024-06-04 06:00:00,2024-06-04,78.89,79.03,76.59,76.65,34073.0,330000.0
2024-06-05 06:00:00,2024-06-05,77.05,77.64,75.26,76.14,31464.0,330342.0
2024-06-06 06:00:00,2024-06-06,76.12,77.39,75.57,76.42,23849.0,330186.0
2024-06-07 06:00:00,2024-06-07,76.21,76.21,75.33,75.71,19785.0,331118.0
2024-06-10 06:00:00,2024-06-10,75.46,75.52,73.6,75.12,31217.0,331242.0
2024-06-11 06:00:00,2024-06-11,75.12,76.49,74.19,74.95,29535.0,333575.0
2024-06-12 06:00:00,2024-06-12,74.57,76.17,74.29,75.06,23168.0,333805.0
2024-06-13 06:00:00,2024-06-13,74.62,76.32,74.62,75.03,24587.0,334373.0
2024-06-14 06:00:00,2024-06-14,75.07,75.41,72.49,72.6,39780.0,338682.0
2024-06-17 06:00:00,2024-06-17,72.82,73.62,71.83,72.31,26687.0,338785.0
2024-06-18 06:00:00,2024-06-18,72.58,73.57,72.03,72.82,37155.0,346400.0
2024-06-19 06:00:00,2024-06-19,73.19,75.13,72.82,74.65,28287.0,342582.0
2024-06-20 06:00:00,2024-06-20,74.92,75.92,73.37,73.54,25283.0,342937.0
2024-06-21 06:00:00,2024-06-21,73.85,73.85,72.26,72.45,28267.0,349260.0
2024-06-24 06:00:00,2024-06-24,72.34,72.6,71.33,71.67,31847.0,353485.0
2024-06-25 06:00:00,2024-06-25,71.77,72.39,71.17,72.24,25633.0,354577.0
2024-06-26 06:00:00,2024-06-26,72.51,73.41,71.11,71.25,25990.0,355843.0
2024-06-27 06:00:00,2024-06-27,71.36,72.1,70.74,70.99,24577.0,358346.0
2024-06-28 06:00:00,2024-06-28,70.82,72.72,70.1,71.79,24003.0,357843.0
2024-07-01 06:00:00,2024-07-01,71.73,74.0,71.45,72.37,22386.0,357779.0
2024-07-02 06:00:00,2024-07-02,72.62,75.35,71.84,74.99,31908.0,358571.0
2024-07-03 06:00:00,2024-07-03,75.02,76.27,74.31,75.08,33451.0,359447.0
2024-07-04 06:00:00,2024-07-04,75.07,75.48,74.13,74.39,24752.0,359778.0
2024-07-05 06:00:00,2024-07-05,74.39,75.56,74.26,74.68,16441.0,359688.0
2024-07-08 06:00:00,2024-07-08,74.91,76.17,73.12,73.31,30242.0,361404.0
2024-07-09 06:00:00,2024-07-09,73.3,73.52,72.43,72.88,20539.0,362325.0
2024-07-10 06:00:00,2024-07-10,72.98,73.75,72.18,72.28,20132.0,363609.0
2024-07-11 06:00:00,2024-07-11,72.47,73.15,71.92,72.69,22021.0,363359.0
2024-07-12 06:00:00,2024-07-12,72.84,73.85,72.01,73.51,19468.0,362207.0
2024-07-15 06:00:00,2024-07-15,73.9,73.9,71.41,71.96,27595.0,363566.0
2024-07-16 06:00:00,2024-07-16,72.17,72.62,71.48,72.34,21326.0,363416.0
2024-07-17 06:00:00,2024-07-17,72.33,72.45,70.73,70.86,26377.0,366585.0
2024-07-18 06:00:00,2024-07-18,70.75,71.3,70.33,70.76,20688.0,367825.0
2024-07-19 06:00:00,2024-07-19,70.67,71.81,70.04,70.62,17152.0,368656.0
2024-07-22 06:00:00,2024-07-22,70.6,71.11,68.56,69.04,29912.0,372152.0
2024-07-23 06:00:00,2024-07-23,69.05,70.56,68.58,70.05,22544.0,372909.0
2024-07-24 06:00:00,2024-07-24,70.11,73.36,69.87,72.73,32784.0,372504.0
2024-07-25 06:00:00,2024-07-25,73.23,73.26,70.92,71.13,26988.0,372183.0
2024-07-26 06:00:00,2024-07-26,71.33,72.58,71.11,72.19,19855.0,367607.0
2024-07-29 06:00:00,2024-07-29,72.02,73.22,71.52,73.01,21029.0,368552.0
2024-07-30 06:00:00,2024-07-30,73.21,73.62,71.79,72.96,25767.0,370149.0
2024-07-31 06:00:00,2024-07-31,73.04,73.82,72.35,73.53,26344.0,368504.0
2024-08-01 06:00:00,2024-08-01,73.87,75.82,73.15,75.5,33767.0,366962.0
2024-08-02 06:00:00,2024-08-02,75.5,75.63,73.75,74.9,26393.0,364941.0
2024-08-05 06:00:00,2024-08-05,74.21,74.21,72.17,73.05,26971.0,362639.0
2024-08-06 06:00:00,2024-08-06,73.34,74.71,73.34,74.28,22124.0,362409.0
2024-08-07 06:00:00,2024-08-07,74.28,75.75,73.42,74.89,23495.0,362445.0
2024-08-08 06:00:00,2024-08-08,75.51,76.05,74.04,75.38,25818.0,362435.0
2024-08-09 06:00:00,2024-08-09,75.32,76.18,73.93,74.46,20312.0,362925.0
2024-08-12 06:00:00,2024-08-12,74.4,78.45,73.78,76.97,39297.0,362516.0
2024-08-13 06:00:00,2024-08-13,76.46,77.38,75.46,75.61,25819.0,362022.0
2024-08-14 06:00:00,2024-08-14,75.67,76.76,75.58,76.19,15753.0,364817.0
2024-08-15 06:00:00,2024-08-15,76.3,76.55,74.8,76.43,22757.0,364324.0
2024-08-16 06:00:00,2024-08-16,76.51,77.3,75.82,76.84,14659.0,364313.0
2024-08-19 06:00:00,2024-08-19,76.82,78.12,76.33,77.46,20346.0,364945.0
2024-08-20 06:00:00,2024-08-20,77.26,79.07,76.97,77.39,29995.0,363977.0
2024-08-21 06:00:00,2024-08-21,77.61,78.15,76.0,76.46,20045.0,363999.0
2024-08-22 06:00:00,2024-08-22,76.74,76.96,75.49,75.89,22100.0,367127.0
2024-08-23 06:00:00,2024-08-23,75.83,76.69,74.94,75.45,16664.0,367336.0
2024-08-26 06:00:00,2024-08-26,75.42,76.07,74.39,74.81,17218.0,368185.0
2024-08-27 06:00:00,2024-08-27,74.99,76.25,74.56,75.81,20880.0,371185.0
2024-08-28 06:00:00,2024-08-28,75.83,76.53,74.67,75.09,22665.0,372699.0
2024-08-29 06:00:00,2024-08-29,74.97,75.55,74.4,75.38,20726.0,372277.0
2024-08-30 06:00:00,2024-08-30,75.41,75.77,74.28,74.62,20557.0,370621.0
2024-09-02 06:00:00,2024-09-02,74.35,75.31,73.88,74.75,24524.0,370115.0
2024-09-03 06:00:00,2024-09-03,74.73,74.76,72.42,72.48,34962.0,374203.0
2024-09-04 06:00:00,2024-09-04,72.42,72.79,71.07,71.32,28038.0,373027.0
2024-09-05 06:00:00,2024-09-05,71.11,72.0,70.27,70.52,33738.0,372667.0
2024-09-06 06:00:00,2024-09-06,70.42,72.06,70.36,70.82,33392.0,368659.0
2024-09-09 06:00:00,2024-09-09,70.82,71.77,70.38,70.84,24486.0,369933.0
2024-09-10 06:00:00,2024-09-10,70.59,71.5,69.08,69.24,34476.0,371505.0
2024-09-11 06:00:00,2024-09-11,69.46,70.85,69.03,70.72,31441.0,372897.0
2024-09-12 06:00:00,2024-09-12,70.4,70.75,69.43,69.77,24047.0,376051.0
2024-09-13 06:00:00,2024-09-13,69.57,70.26,68.92,69.31,25956.0,378833.0
2024-09-16 06:00:00,2024-09-16,69.17,69.29,67.47,67.53,37405.0,381133.0
2024-09-17 06:00:00,2024-09-17,67.52,69.48,66.77,68.66,33428.0,380589.0
2024-09-18 06:00:00,2024-09-18,68.81,69.2,67.53,68.02,22574.0,381654.0
2024-09-19 06:00:00,2024-09-19,68.25,69.74,66.71,67.14,49397.0,386025.0
2024-09-20 06:00:00,2024-09-20,67.82,68.47,67.2,67.71,24427.0,385967.0
2024-09-23 06:00:00,2024-09-23,68.02,69.04,67.66,68.42,27180.0,388015.0
2024-09-24 06:00:00,2024-09-24,68.53,69.25,67.85,68.19,31132.0,389549.0
2024-09-25 06:00:00,2024-09-25,68.6,69.91,67.97,69.56,33931.0,392421.0
2024-09-26 06:00:00,2024-09-26,69.57,71.07,68.66,70.84,31100.0,396747.0
2024-09-27 06:00:00,2024-09-27,70.32,70.78,69.6,70.65,21369.0,396531.0
2024-09-30 06:00:00,2024-09-30,70.78,71.29,69.45,69.88,25803.0,398090.0
2024-10-01 06:00:00,2024-10-01,69.55,69.55,67.07,67.93,48305.0,405300.0
2024-10-02 06:00:00,2024-10-02,68.22,69.36,66.86,66.92,35784.0,412005.0
2024-10-03 06:00:00,2024-10-03,66.88,67.28,66.33,67.08,23528.0,413145.0
2024-10-04 06:00:00,2024-10-04,66.36,66.89,65.73,66.37,25357.0,414837.0
2024-10-07 06:00:00,2024-10-07,65.84,66.82,64.38,66.08,61028.0,393040.0
2024-10-08 06:00:00,2024-10-08,66.24,66.24,64.39,64.61,31756.0,393311.0
2024-10-09 06:00:00,2024-10-09,64.51,67.03,64.27,66.33,36106.0,392335.0
2024-10-10 06:00:00,2024-10-10,66.84,69.53,66.36,69.32,30189.0,389537.0
2024-10-11 06:00:00,2024-10-11,69.22,69.41,68.07,68.94,25050.0,386382.0
2024-10-14 06:00:00,2024-10-14,69.07,70.5,68.17,70.29,23329.0,386732.0
2024-10-15 06:00:00,2024-10-15,69.73,69.91,68.49,69.41,24997.0,385968.0
2024-10-16 06:00:00,2024-10-16,69.16,69.95,67.12,67.35,28445.0,386277.0
2024-10-17 06:00:00,2024-10-17,67.35,67.96,66.95,67.3,20512.0,386770.0
2024-10-18 06:00:00,2024-10-18,67.32,67.79,66.54,66.6,21055.0,387564.0
2024-10-21 06:00:00,2024-10-21,66.77,67.27,65.68,66.08,23678.0,389463.0
2024-10-22 06:00:00,2024-10-22,66.22,66.88,65.61,66.57,26357.0,391398.0
2024-10-23 06:00:00,2024-10-23,66.67,69.68,66.03,69.21,30671.0,389968.0
2024-10-24 06:00:00,2024-10-24,69.27,71.89,69.07,70.95,42143.0,389085.0
2024-10-25 06:00:00,2024-10-25,70.93,71.68,70.4,71.29,31313.0,385602.0
2024-10-28 07:00:00,2024-10-28,70.57,70.93,68.93,70.72,27999.0,383677.0
2024-10-29 07:00:00,2024-10-29,71.14,72.07,70.46,71.6,33572.0,379961.0
2024-10-30 07:00:00,2024-10-30,71.17,71.51,69.26,69.79,25801.0,377423.0
2024-10-31 07:00:00,2024-10-31,69.8,70.27,67.86,68.9,27403.0,381074.0
2024-11-01 07:00:00,2024-11-01,68.1,69.28,67.54,68.19,24861.0,380760.0
2024-11-04 07:00:00,2024-11-04,68.41,70.21,68.32,69.54,25352.0,380345.0
2024-11-05 07:00:00,2024-11-05,69.78,70.01,68.42,68.62,24661.0,380625.0
2024-11-06 07:00:00,2024-11-06,68.32,68.51,66.69,68.08,32219.0,380268.0
2024-11-07 07:00:00,2024-11-07,68.1,70.61,67.97,70.36,30726.0,377881.0
2024-11-08 07:00:00,2024-11-08,70.57,72.6,70.28,72.34,36730.0,377527.0
2024-11-11 07:00:00,2024-11-11,71.59,73.12,71.24,71.89,32430.0,379654.0
2024-11-12 07:00:00,2024-11-12,71.82,72.09,70.08,71.85,33587.0,377282.0
2024-11-13 07:00:00,2024-11-13,71.44,71.56,69.71,70.63,34369.0,371081.0
2024-11-14 07:00:00,2024-11-14,71.04,72.78,70.93,72.59,37815.0,370048.0
2024-11-15 07:00:00,2024-11-15,72.57,73.12,71.07,72.33,32699.0,367017.0
2024-11-18 07:00:00,2024-11-18,71.6,74.35,71.28,73.83,38344.0,368896.0
2024-11-19 07:00:00,2024-11-19,73.79,74.15,72.16,72.45,35332.0,363424.0
2024-11-20 07:00:00,2024-11-20,72.34,73.72,72.21,72.7,27202.0,363160.0
2024-11-21 07:00:00,2024-11-21,72.78,75.1,72.77,74.31,40130.0,359378.0
2024-11-22 07:00:00,2024-11-22,74.81,75.28,73.33,73.59,39971.0,349180.0
2024-11-25 07:00:00,2024-11-25,74.07,75.86,73.56,74.18,32418.0,346078.0
2024-11-26 07:00:00,2024-11-26,74.02,74.07,72.57,73.55,34264.0,339732.0
2024-11-27 07:00:00,2024-11-27,73.56,73.7,72.02,72.79,25996.0,334774.0
2024-11-28 07:00:00,2024-11-28,72.45,73.23,71.85,71.95,25891.0,332902.0
2024-11-29 07:00:00,2024-11-29,72.17,72.86,71.45,72.72,22283.0,332063.0
2024-12-02 07:00:00,2024-12-02,72.87,74.46,72.42,73.15,33762.0,329030.0
2024-12-03 07:00:00,2024-12-03,73.22,73.57,72.17,72.81,29000.0,323554.0
2024-12-04 07:00:00,2024-12-04,72.33,72.6,71.6,72.18,29531.0,317900.0
2024-12-05 07:00:00,2024-12-05,72.13,73.01,71.23,71.66,28098.0,316854.0
2024-12-06 07:00:00,2024-12-06,71.57,73.06,71.24,72.63,29001.0,309974.0
2024-12-09 07:00:00,2024-12-09,72.87,73.02,70.25,70.69,47092.0,282208.0
2024-12-10 07:00:00,2024-12-10,70.67,73.04,70.47,72.5,43061.0,272021.0
2024-12-11 07:00:00,2024-12-11,72.62,73.9,72.23,72.95,43387.0,250883.0
2024-12-12 07:00:00,2024-12-12,72.85,73.16,69.86,70.42,47624.0,244224.0
2024-12-13 07:00:00,2024-12-13,70.13,70.93,68.47,68.75,20575.0,238631.0
2024-12-16 07:00:00,2024-12-16,68.37,68.63,67.05,67.64,6165.0,236119.0
2024-12-17 07:00:00,2024-12-17,67.28,68.13,66.33,66.54,26962.0,298481.0
2024-12-18 07:00:00,2024-12-18,66.68,68.03,66.43,67.14,25644.0,301001.0
2024-12-19 07:00:00,2024-12-19,67.28,70.28,67.06,69.97,34211.0,297267.0
2024-12-20 07:00:00,2024-12-20,70.13,70.98,69.68,70.48,16854.0,295576.0
2024-12-23 07:00:00,2024-12-23,70.28,72.43,69.64,71.96,16222.0,295328.0
2024-12-24 07:00:00,2024-12-24,71.94,72.33,71.34,71.75,6139.0,294546.0
2024-12-27 07:00:00,2024-12-27,72.03,74.08,71.89,73.84,13792.0,293957.0
2024-12-30 07:00:00,2024-12-30,73.93,74.34,72.68,74.26,15094.0,291975.0
2024-12-31 07:00:00,2024-12-31,74.32,75.9,74.18,75.28,14671.0,290057.0
2025-01-02 07:00:00,2025-01-02,75.83,77.63,74.28,77.47,26454.0,288343.0
2025-01-03 07:00:00,2025-01-03,77.33,78.63,77.14,78.22,22634.0,288274.0
2025-01-06 07:00:00,2025-01-06,78.22,78.43,76.08,76.64,25336.0,290888.0
2025-01-07 07:00:00,2025-01-07,76.84,77.2,75.19,76.32,26269.0,292105.0
2025-01-08 07:00:00,2025-01-08,76.9,76.9,74.19,74.45,25207.0,293213.0
2025-01-09 07:00:00,2025-01-09,74.23,75.99,73.83,75.74,26945.0,293657.0
2025-01-10 07:00:00,2025-01-10,75.67,77.46,74.61,77.13,28395.0,293931.0
2025-01-13 07:00:00,2025-01-13,77.68,79.51,77.68,79.2,30685.0,293042.0
2025-01-14 07:00:00,2025-01-14,79.03,79.53,78.03,79.24,23587.0,293909.0
2025-01-15 07:00:00,2025-01-15,79.53,81.23,79.48,80.26,32737.0,294142.0
2025-01-16 07:00:00,2025-01-16,80.28,81.03,79.53,80.61,29678.0,296081.0
2025-01-17 07:00:00,2025-01-17,80.46,82.78,80.08,81.54,33966.0,297810.0
2025-01-20 07:00:00,2025-01-20,81.28,82.78,80.73,82.27,28308.0,298121.0
2025-01-21 07:00:00,2025-01-21,82.39,82.7,80.18,82.55,33204.0,297541.0
2025-01-22 07:00:00,2025-01-22,82.09,82.23,80.76,81.22,26233.0,298262.0
2025-01-23 07:00:00,2025-01-23,81.5,84.28,81.26,83.04,38600.0,298028.0
2025-01-24 07:00:00,2025-01-24,83.39,84.01,82.16,83.95,27479.0,295959.0
2025-01-27 07:00:00,2025-01-27,83.35,83.86,81.28,81.64,29406.0,295952.0
2025-01-28 07:00:00,2025-01-28,81.83,83.08,80.58,82.54,30648.0,296177.0
2025-01-29 07:00:00,2025-01-29,83.08,86.08,83.08,85.23,33851.0,295720.0
2025-01-30 07:00:00,2025-01-30,85.78,86.78,84.53,84.94,29987.0,296306.0
2025-01-31 07:00:00,2025-01-31,85.18,86.72,84.95,86.21,25637.0,298024.0
2025-02-03 07:00:00,2025-02-03,86.29,86.5,82.38,83.24,42835.0,299817.0
2025-02-04 07:00:00,2025-02-04,83.38,84.18,81.76,83.16,33803.0,300191.0
2025-02-05 07:00:00,2025-02-05,83.28,84.94,82.05,83.4,28077.0,302392.0
2025-02-06 07:00:00,2025-02-06,83.33,85.28,83.22,84.21,31289.0,307136.0
2025-02-07 07:00:00,2025-02-07,83.92,84.93,83.39,84.56,21203.0,307153.0
2025-02-10 07:00:00,2025-02-10,84.98,86.53,84.98,85.22,25919.0,309021.0
2025-02-11 07:00:00,2025-02-11,85.08,86.45,83.9,84.87,30997.0,312360.0
2025-02-12 07:00:00,2025-02-12,83.88,84.4,82.33,82.57,31604.0,314720.0
2025-02-13 07:00:00,2025-02-13,82.53,82.77,80.07,80.33,43332.0,313902.0
2025-02-14 07:00:00,2025-02-14,79.97,82.21,79.53,82.03,32322.0,313285.0
2025-02-17 07:00:00,2025-02-17,82.16,82.16,79.08,79.49,26715.0,313288.0
2025-02-18 07:00:00,2025-02-18,79.01,79.68,76.91,78.02,46051.0,310867.0
2025-02-19 07:00:00,2025-02-19,77.76,78.54,75.81,76.3,32208.0,309342.0
2025-02-20 07:00:00,2025-02-20,76.13,76.25,74.54,74.95,42914.0,309737.0
2025-02-21 07:00:00,2025-02-21,74.88,77.18,74.69,76.18,29690.0,309194.0
2025-02-24 07:00:00,2025-02-24,76.9,77.27,74.44,75.94,31858.0,307865.0
2025-02-25 07:00:00,2025-02-25,76.04,76.28,73.43,74.03,31628.0,308138.0
2025-02-26 07:00:00,2025-02-26,74.06,74.86,72.97,73.3,32840.0,307467.0
2025-02-27 07:00:00,2025-02-27,73.28,75.81,73.28,75.06,34985.0,306175.0
2025-02-28 07:00:00,2025-02-28,75.18,75.97,73.04,73.28,27409.0,305033.0
2025-03-03 07:00:00,2025-03-03,74.08,75.15,73.56,73.83,26455.0,306181.0
2025-03-04 07:00:00,2025-03-04,73.68,73.94,69.98,70.78,53867.0,309732.0
2025-03-05 07:00:00,2025-03-05,70.49,71.83,70.35,71.07,40091.0,309971.0
2025-03-06 07:00:00,2025-03-06,70.54,71.4,69.12,69.6,42508.0,312131.0
2025-03-07 07:00:00,2025-03-07,69.58,71.73,69.06,70.91,40826.0,313127.0
2025-03-10 07:00:00,2025-03-10,70.73,72.56,69.93,71.29,37554.0,318886.0
2025-03-11 07:00:00,2025-03-11,71.04,71.99,69.7,70.52,30833.0,319989.0
2025-03-12 07:00:00,2025-03-12,69.97,72.09,69.55,71.9,27375.0,320702.0
2025-03-13 07:00:00,2025-03-13,71.64,74.1,70.82,72.88,37728.0,321147.0
2025-03-14 07:00:00,2025-03-14,72.7,74.03,71.65,73.27,25075.0,322745.0
2025-03-17 07:00:00,2025-03-17,72.65,73.27,71.87,72.39,20039.0,322939.0
2025-03-18 07:00:00,2025-03-18,72.45,74.03,72.1,73.58,31663.0,326310.0
2025-03-19 07:00:00,2025-03-19,73.78,76.51,73.78,75.72,35852.0,328614.0
2025-03-20 07:00:00,2025-03-20,76.01,76.47,75.08,75.29,27713.0,329253.0
2025-03-21 07:00:00,2025-03-21,76.28,76.44,73.51,73.73,26970.0,330421.0
2025-03-24 07:00:00,2025-03-24,73.58,74.22,73.03,73.8,23883.0,330494.0
2025-03-25 07:00:00,2025-03-25,73.53,73.88,72.49,72.74,27998.0,331662.0
2025-03-26 07:00:00,2025-03-26,72.55,74.08,72.16,73.11,30723.0,331610.0
2025-03-27 07:00:00,2025-03-27,72.83,72.86,70.36,70.82,43696.0,330741.0
2025-03-28 07:00:00,2025-03-28,70.48,71.66,70.23,71.08,22718.0,330548.0
2025-03-31 06:00:00,2025-03-31,70.83,71.46,69.36,70.26,35099.0,330277.0
2025-04-01 06:00:00,2025-04-01,70.26,73.0,69.89,72.14,35632.0,333401.0
2025-04-02 06:00:00,2025-04-02,72.28,72.63,70.44,70.83,26794.0,336480.0
2025-04-03 06:00:00,2025-04-03,69.74,69.76,67.91,68.34,49500.0,336361.0
2025-04-04 06:00:00,2025-04-04,68.34,68.54,64.97,66.1,64730.0,331383.0
2025-04-07 06:00:00,2025-04-07,64.78,67.52,62.54,65.12,66118.0,330726.0
2025-04-08 06:00:00,2025-04-08,65.74,65.85,63.12,64.34,44524.0,329531.0
2025-04-09 06:00:00,2025-04-09,62.93,63.95,62.35,63.22,48549.0,329497.0
2025-04-10 06:00:00,2025-04-10,65.78,67.54,63.96,64.4,41656.0,328856.0
2025-04-11 06:00:00,2025-04-11,65.1,67.61,64.06,67.1,37729.0,328218.0
2025-04-14 06:00:00,2025-04-14,67.5,69.61,67.43,68.79,27992.0,327744.0
2025-04-15 06:00:00,2025-04-15,68.88,70.23,68.03,68.47,27300.0,328550.0
2025-04-16 06:00:00,2025-04-16,67.98,69.92,67.8,69.25,26776.0,327733.0
2025-04-17 06:00:00,2025-04-17,69.46,69.65,67.75,68.17,21339.0,328126.0
2025-04-21 00:00:00,2025-04-21,68.17,68.17,68.17,68.17,0.0,0.0
2025-04-22 06:00:00,2025-04-22,67.38,68.22,65.89,66.67,26243.0,329625.0
2025-04-23 06:00:00,2025-04-23,67.08,69.58,67.08,69.18,32337.0,328807.0
2025-04-24 06:00:00,2025-04-24,68.8,68.97,67.03,68.59,26372.0,328740.0
2025-04-25 06:00:00,2025-04-25,68.74,69.91,68.52,68.71,24713.0,328566.0
2025-04-28 06:00:00,2025-04-28,68.39,68.65,67.0,67.59,23552.0,328527.0
2025-04-29 06:00:00,2025-04-29,67.23,67.68,66.42,67.13,24939.0,331622.0
2025-04-30 06:00:00,2025-04-30,67.18,69.18,66.8,68.83,22903.0,329167.0
2025-05-01 06:00:00,2025-05-01,69.14,69.63,68.52,69.3,9364.0,328038.0
2025-05-02 06:00:00,2025-05-02,69.35,71.55,69.06,71.04,27728.0,327584.0
2025-05-05 06:00:00,2025-05-05,70.96,71.01,68.98,69.75,20259.0,327642.0
2025-05-06 06:00:00,2025-05-06,69.83,71.96,69.73,71.55,27184.0,328301.0
2025-05-07 06:00:00,2025-05-07,71.93,73.68,71.33,73.34,33172.0,325047.0
2025-05-08 06:00:00,2025-05-08,73.34,74.04,72.68,73.0,25019.0,324400.0
2025-05-09 06:00:00,2025-05-09,73.33,73.77,72.1,72.67,20188.0,323552.0
2025-05-12 06:00:00,2025-05-12,73.08,75.91,72.8,75.69,33930.0,322318.0
2025-05-13 06:00:00,2025-05-13,75.4,76.1,74.18,75.18,29577.0,318809.0
2025-05-14 06:00:00,2025-05-14,75.36,75.91,73.83,74.61,21274.0,318806.0
2025-05-15 06:00:00,2025-05-15,74.38,75.98,73.48,75.69,25382.0,317478.0
2025-05-16 06:00:00,2025-05-16,75.73,77.3,73.09,73.27,36994.0,317705.0
2025-05-19 06:00:00,2025-05-19,73.27,74.74,71.88,72.7,34545.0,316698.0
2025-05-20 06:00:00,2025-05-20,72.04,75.79,72.01,75.46,29194.0,317798.0
2025-05-21 06:00:00,2025-05-21,75.9,76.15,74.58,75.02,22246.0,318115.0
2025-05-22 06:00:00,2025-05-22,74.87,75.91,74.03,74.43,25750.0,318727.0
2025-05-23 06:00:00,2025-05-23,74.78,75.28,72.28,73.84,29768.0,317448.0
2025-05-26 06:00:00,2025-05-26,74.28,75.65,74.28,75.31,13103.0,316769.0
2025-05-27 06:00:00,2025-05-27,75.19,75.37,73.08,74.04,24919.0,318101.0
2025-05-28 06:00:00,2025-05-28,73.48,74.93,73.05,74.35,24162.0,320932.0
2025-05-29 06:00:00,2025-05-29,75.14,75.76,72.93,73.22,24700.0,320491.0
2025-05-30 06:00:00,2025-05-30,73.04,73.97,72.41,72.69,19723.0,317555.0
2025-06-02 06:00:00,2025-06-02,72.29,74.42,72.29,73.19,26299.0,317426.0
2025-06-03 06:00:00,2025-06-03,73.35,75.14,72.96,74.88,27013.0,319824.0
2025-06-04 06:00:00,2025-06-04,74.76,75.85,74.5,74.89,22761.0,320187.0
2025-06-05 06:00:00,2025-06-05,74.89,76.32,74.6,75.02,27691.0,321194.0
2025-06-06 06:00:00,2025-06-06,75.18,76.23,74.85,75.78,15973.0,321022.0
2025-06-09 06:00:00,2025-06-09,76.16,77.22,75.52,76.51,21681.0,320734.0
2025-06-10 06:00:00,2025-06-10,76.51,76.56,74.59,74.94,27510.0,320699.0
2025-06-11 06:00:00,2025-06-11,75.3,77.23,75.06,76.64,30312.0,322494.0
2025-06-12 06:00:00,2025-06-12,76.54,78.08,75.6,77.67,36503.0,324500.0
2025-06-13 06:00:00,2025-06-13,78.28,79.03,77.86,78.22,29640.0,323965.0
2025-06-16 06:00:00,2025-06-16,78.04,78.75,76.97,77.62,29727.0,323780.0
2025-06-17 06:00:00,2025-06-17,77.43,77.94,76.44,76.92,25551.0,325145.0
2025-06-18 06:00:00,2025-06-18,77.13,77.54,76.47,76.89,25811.0,324035.0
2025-06-19 06:00:00,2025-06-19,76.88,77.31,74.01,75.02,41798.0,325610.0
2025-06-20 06:00:00,2025-06-20,75.14,75.65,74.36,75.25,22325.0,324690.0
2025-06-23 06:00:00,2025-06-23,75.13,75.78,74.71,75.55,26599.0,324446.0
2025-06-24 06:00:00,2025-06-24,75.28,76.85,74.88,75.82,38626.0,321931.0
2025-06-25 06:00:00,2025-06-25,75.52,75.68,73.24,73.43,31861.0,322739.0
2025-06-26 06:00:00,2025-06-26,73.36,73.78,72.54,72.68,35120.0,320370.0
2025-06-27 06:00:00,2025-06-27,72.7,73.42,72.39,73.24,24264.0,319363.0
2025-06-30 06:00:00,2025-06-30,73.31,73.36,70.99,71.25,27504.0,319974.0
2025-07-01 06:00:00,2025-07-01,71.39,73.17,71.18,72.86,25719.0,318476.0
2025-07-02 06:00:00,2025-07-02,72.87,74.57,72.83,74.21,21001.0,319486.0
2025-07-03 06:00:00,2025-07-03,73.98,75.07,73.34,74.34,22285.0,318241.0
2025-07-04 06:00:00,2025-07-04,74.6,74.6,73.53,73.95,12909.0,319160.0
2025-07-07 06:00:00,2025-07-07,73.98,74.27,72.9,73.48,17583.0,318933.0
2025-07-08 06:00:00,2025-07-08,73.5,73.74,72.56,72.7,20614.0,319320.0
2025-07-09 06:00:00,2025-07-09,72.73,73.36,72.17,72.67,17800.0,320154.0
2025-07-10 06:00:00,2025-07-10,72.65,73.83,72.59,73.02,18572.0,321618.0
2025-07-11 06:00:00,2025-07-11,72.88,73.28,71.92,72.83,21755.0,321020.0
2025-07-14 06:00:00,2025-07-14,72.38,73.67,71.8,72.7,23617.0,323301.0
2025-07-15 06:00:00,2025-07-15,72.58,73.93,72.27,73.79,19394.0,325885.0
2025-07-16 06:00:00,2025-07-16,73.56,74.67,73.12,73.59,18060.0,326325.0
2025-07-17 06:00:00,2025-07-17,73.44,73.67,72.6,72.83,20011.0,326066.0
2025-07-18 06:00:00,2025-07-18,72.83,73.31,72.12,72.17,18031.0,327097.0
2025-07-21 06:00:00,2025-07-21,72.4,72.83,72.0,72.11,20623.0,328708.0
2025-07-22 06:00:00,2025-07-22,72.19,72.19,71.14,71.39,24527.0,329710.0
2025-07-23 06:00:00,2025-07-23,71.62,72.27,71.28,71.64,19453.0,331048.0
2025-07-24 06:00:00,2025-07-24,72.11,73.46,71.51,73.16,30788.0,332644.0
2025-07-25 06:00:00,2025-07-25,73.39,73.78,72.92,73.62,17457.0,333078.0
2025-07-28 06:00:00,2025-07-28,73.78,74.53,72.34,72.93,24470.0,333961.0
2025-07-29 06:00:00,2025-07-29,73.01,75.58,72.68,75.36,32094.0,335880.0
2025-07-30 06:00:00,2025-07-30,75.46,75.63,74.8,75.14,14923.0,334621.0
2025-07-31 06:00:00,2025-07-31,74.92,75.35,74.5,74.94,20485.0,335217.0
2025-08-01 06:00:00,2025-08-01,74.58,74.71,73.28,73.32,27573.0,335306.0
2025-08-04 06:00:00,2025-08-04,73.28,73.61,72.43,73.13,22021.0,333839.0
2025-08-05 06:00:00,2025-08-05,73.14,74.02,72.78,73.87,21039.0,333937.0
2025-08-06 06:00:00,2025-08-06,73.67,73.99,73.03,73.27,17204.0,335278.0
2025-08-07 06:00:00,2025-08-07,73.01,74.29,72.58,74.05,25382.0,334273.0
2025-08-08 06:00:00,2025-08-08,74.24,75.63,74.08,75.49,28220.0,334592.0
2025-08-11 06:00:00,2025-08-11,75.26,75.43,74.28,74.65,18799.0,332913.0
2025-08-12 06:00:00,2025-08-12,74.57,74.7,73.65,73.78,17885.0,333519.0
2025-08-13 06:00:00,2025-08-13,73.78,74.43,73.54,74.02,14855.0,334724.0
2025-08-14 06:00:00,2025-08-14,74.16,74.16,72.85,73.24,27440.0,331793.0
2025-08-15 06:00:00,2025-08-15,73.3,73.59,72.56,72.96,16547.0,332925.0
2025-08-18 06:00:00,2025-08-18,73.17,74.27,72.58,74.1,22935.0,334562.0
2025-08-19 06:00:00,2025-08-19,73.93,74.36,73.31,73.44,22157.0,335216.0
2025-08-20 06:00:00,2025-08-20,73.58,73.82,72.93,73.57,17754.0,336461.0
2025-08-21 06:00:00,2025-08-21,73.77,75.04,73.34,74.9,26994.0,336880.0
2025-08-22 06:00:00,2025-08-22,74.88,75.08,74.54,74.81,26994.0,336880.0
2025-08-25 06:00:00,2025-08-25,74.79,74.88,74.1,74.47,15152.0,338181.0
2025-08-26 06:00:00,2025-08-26,74.32,75.26,73.86,75.03,21059.0,340557.0
2025-08-27 06:00:00,2025-08-27,75.0,75.58,74.21,74.52,19162.0,339452.0
2025-08-28 06:00:00,2025-08-28,74.62,74.62,73.59,74.0,24646.0,340721.0
2025-08-29 06:00:00,2025-08-29,74.0,75.33,73.88,75.27,23413.0,342992.0
2025-09-01 06:00:00,2025-09-01,75.18,76.83,75.06,76.25,32664.0,345801.0
2025-09-02 06:00:00,2025-09-02,76.4,76.72,75.64,75.89,28117.0,344044.0
2025-09-03 06:00:00,2025-09-03,75.74,77.33,75.7,77.23,28898.0,342971.0
2025-09-04 06:00:00,2025-09-04,77.28,77.99,76.86,77.72,27743.0,343492.0
2025-09-05 06:00:00,2025-09-05,77.57,78.53,77.57,78.32,27459.0,343314.0
2025-09-08 06:00:00,2025-09-08,78.33,79.6,77.78,79.45,28614.0,344793.0
2025-09-09 06:00:00,2025-09-09,79.28,79.51,78.28,79.18,31688.0,346299.0
2025-09-10 06:00:00,2025-09-10,79.28,79.86,78.53,79.38,25327.0,348331.0
2025-09-11 06:00:00,2025-09-11,79.45,79.58,77.58,77.82,34837.0,349117.0
2025-09-12 06:00:00,2025-09-12,77.62,78.31,77.38,78.05,21957.0,351133.0
2025-09-15 06:00:00,2025-09-15,77.88,79.34,77.39,79.03,29113.0,353026.0
2025-09-16 06:00:00,2025-09-16,79.33,80.54,78.77,79.79,32480.0,352111.0
2025-09-17 06:00:00,2025-09-17,79.78,80.73,78.97,79.26,31125.0,351066.0
2025-09-18 06:00:00,2025-09-18,79.22,80.51,79.11,80.12,26429.0,352301.0
2025-09-19 06:00:00,2025-09-19,79.93,80.03,79.29,79.83,18696.0,353508.0
2025-09-22 06:00:00,2025-09-22,79.97,79.97,78.19,78.49,27291.0,355535.0
2025-09-23 06:00:00,2025-09-23,78.49,79.53,78.05,79.07,25554.0,357172.0
2025-09-24 06:00:00,2025-09-24,78.92,79.06,78.05,78.3,22093.0,354700.0
2025-09-25 06:00:00,2025-09-25,78.31,78.87,77.64,78.04,25407.0,353056.0
2025-09-26 06:00:00,2025-09-26,77.81,78.38,77.38,78.26,20195.0,355873.0
2025-09-29 06:00:00,2025-09-29,78.13,79.25,77.34,79.07,27910.0,359076.0
2025-09-30 06:00:00,2025-09-30,79.07,79.08,77.85,78.0,24553.0,360319.0
2025-10-01 06:00:00,2025-10-01,77.89,78.84,76.79,78.61,33967.0,358983.0
2025-10-02 06:00:00,2025-10-02,78.63,80.08,78.39,79.71,31991.0,360295.0
2025-10-03 06:00:00,2025-10-03,79.93,81.83,79.8,81.44,33990.0,361436.0
2025-10-06 06:00:00,2025-10-06,82.0,82.39,80.89,81.03,31030.0,360935.0
2025-10-07 06:00:00,2025-10-07,81.03,81.41,80.28,80.59,27641.0,361096.0
2025-10-08 06:00:00,2025-10-08,80.42,81.57,80.18,81.29,19358.0,359782.0
2025-10-09 06:00:00,2025-10-09,81.18,81.82,80.32,81.51,25204.0,360888.0
2025-10-10 06:00:00,2025-10-10,81.5,82.65,81.29,81.96,31682.0,360315.0
2025-10-13 06:00:00,2025-10-13,81.82,82.02,80.04,80.4,32542.0,360160.0
2025-10-14 06:00:00,2025-10-14,80.18,80.18,78.97,79.2,32098.0,358826.0
2025-10-15 06:00:00,2025-10-15,79.01,80.58,78.96,80.16,26110.0,359065.0
2025-10-16 06:00:00,2025-10-16,80.34,81.97,79.89,81.79,27016.0,360218.0
2025-10-17 06:00:00,2025-10-17,81.27,82.18,80.4,81.74,32241.0,360868.0
2025-10-20 06:00:00,2025-10-20,81.78,82.24,80.93,82.1,25311.0,360757.0
2025-10-21 06:00:00,2025-10-21,82.09,82.27,81.2,81.86,23122.0,360179.0
2025-10-22 06:00:00,2025-10-22,81.68,81.92,80.43,80.74,24580.0,359554.0
2025-10-23 06:00:00,2025-10-23,80.76,81.47,80.3,80.72,25453.0,359234.0
2025-10-24 06:00:00,2025-10-24,80.77,81.17,80.19,80.6,17200.0,360621.0
2025-10-27 07:00:00,2025-10-27,80.58,80.58,79.29,80.05,22999.0,361245.0
2025-10-28 07:00:00,2025-10-28,80.22,81.16,79.78,80.6,23625.0,364780.0
2025-10-29 07:00:00,2025-10-29,80.93,81.41,80.46,81.09,22112.0,367005.0
2025-10-30 07:00:00,2025-10-30,81.14,81.82,80.82,80.95,22435.0,369822.0
2025-10-31 07:00:00,2025-10-31,81.07,81.41,80.29,80.82,20288.0,370256.0
2025-11-03 07:00:00,2025-11-03,81.06,84.03,81.06,83.48,47976.0,370812.0
2025-11-04 07:00:00,2025-11-04,83.48,84.69,83.34,84.59,34708.0,370620.0
2025-11-05 07:00:00,2025-11-05,84.28,84.51,83.17,83.77,26676.0,372516.0
2025-11-06 07:00:00,2025-11-06,83.52,83.52,82.4,82.45,33941.0,366350.0
2025-11-07 07:00:00,2025-11-07,82.63,82.96,81.7,81.75,32535.0,362665.0
2025-11-10 07:00:00,2025-11-10,81.83,82.63,81.19,82.24,28311.0,361512.0
2025-11-11 07:00:00,2025-11-11,82.29,83.18,81.78,82.93,36509.0,351311.0
2025-11-12 07:00:00,2025-11-12,83.07,84.65,83.07,84.19,41099.0,346481.0
2025-11-13 07:00:00,2025-11-13,84.44,85.07,83.2,83.62,41770.0,335296.0
2025-11-14 07:00:00,2025-11-14,83.56,84.03,82.72,83.21,28084.0,334076.0
2025-11-17 07:00:00,2025-11-17,83.73,83.73,82.06,82.2,34460.0,331393.0
2025-11-18 07:00:00,2025-11-18,82.19,83.73,81.8,83.5,40851.0,324653.0
2025-11-19 07:00:00,2025-11-19,83.17,83.87,82.48,82.94,32508.0,318296.0
2025-11-20 07:00:00,2025-11-20,82.94,84.17,82.94,83.64,28326.0,317131.0
2025-11-21 07:00:00,2025-11-21,83.13,83.28,82.32,82.69,32453.0,311604.0
2025-11-24 07:00:00,2025-11-24,82.58,83.18,81.85,82.89,45681.0,302141.0
2025-11-25 07:00:00,2025-11-25,82.82,84.48,82.77,84.15,45134.0,299850.0
2025-11-26 07:00:00,2025-11-26,84.29,84.62,83.58,83.96,43705.0,291428.0
2025-11-27 07:00:00,2025-11-27,83.97,84.8,83.29,84.49,55623.0,283250.0
2025-11-28 07:00:00,2025-11-28,84.54,85.6,84.54,85.54,33702.0,278303.0
2025-12-01 07:00:00,2025-12-01,85.28,85.65,84.81,84.92,39238.0,266491.0
2025-12-02 07:00:00,2025-12-02,84.78,84.84,83.79,84.1,47309.0,260894.0
2025-12-03 07:00:00,2025-12-03,84.16,84.64,83.5,84.07,46309.0,251573.0
2025-12-04 07:00:00,2025-12-04,83.83,84.96,83.56,84.71,48548.0,236979.0
2025-12-05 07:00:00,2025-12-05,84.75,85.02,83.89,84.26,39010.0,226394.0
2025-12-08 07:00:00,2025-12-08,84.02,84.86,83.94,84.26,33505.0,218899.0
2025-12-09 07:00:00,2025-12-09,84.38,85.23,84.16,85.13,41002.0,216462.0
2025-12-10 07:00:00,2025-12-10,84.9,85.18,84.2,84.7,44575.0,201520.0
2025-12-11 07:00:00,2025-12-11,85.0,86.68,85.0,86.18,44122.0,183007.0
2025-12-12 07:00:00,2025-12-12,86.36,86.68,85.68,86.07,20514.0,174125.0
2025-12-15 07:00:00,2025-12-15,85.95,87.79,85.95,87.28,6632.0,171590.0
2025-12-16 07:00:00,2025-12-16,87.37,87.98,86.95,87.36,19846.0,353409.0
2025-12-17 07:00:00,2025-12-17,87.37,88.49,86.45,86.8,32807.0,357488.0
2025-12-18 07:00:00,2025-12-18,86.89,87.14,85.56,86.48,27485.0,356398.0
2025-12-19 07:00:00,2025-12-19,86.6,87.29,86.08,87.05,16349.0,357322.0
2025-12-22 07:00:00,2025-12-22,87.05,87.95,86.71,87.48,17696.0,358373.0
2025-12-23 07:00:00,2025-12-23,87.48,88.88,87.48,88.54,18145.0,358221.0
2025-12-24 07:00:00,2025-12-24,88.54,88.59,87.74,88.01,6770.0,358985.0
2025-12-29 07:00:00,2025-12-29,88.07,88.47,87.25,87.46,15968.0,358285.0
2025-12-30 07:00:00,2025-12-30,87.25,87.6,86.92,87.28,13747.0,356365.0
2025-12-31 07:00:00,2025-12-31,86.99,87.55,86.83,87.37,11918.0,355979.0
2026-01-02 07:00:00,2026-01-02,87.55,88.88,87.47,88.31,15833.0,356642.0
2026-01-05 07:00:00,2026-01-05,88.09,88.78,87.05,87.25,27596.0,354539.0
2026-01-06 07:00:00,2026-01-06,87.51,88.15,87.13,88.1,22534.0,352713.0
2026-01-07 07:00:00,2026-01-07,88.2,88.75,87.76,88.13,27853.0,353178.0
2026-01-08 07:00:00,2026-01-08,87.6,88.34,87.1,88.19,26887.0,353043.0
2026-01-09 07:00:00,2026-01-09,88.39,89.66,88.03,89.56,31853.0,352816.0
2026-01-12 07:00:00,2026-01-12,89.86,90.42,89.41,90.1,30910.0,354246.0
2026-01-13 07:00:00,2026-01-13,90.4,91.08,90.18,90.74,29981.0,356372.0
2026-01-14 07:00:00,2026-01-14,90.52,92.36,90.22,91.82,33820.0,358190.0
2026-01-15 07:00:00,2026-01-15,92.19,93.8,91.75,92.24,41761.0,360858.0
2026-01-16 07:00:00,2026-01-16,92.23,93.61,91.76,92.04,32030.0,361177.0
2026-01-19 07:00:00,2026-01-19,91.3,91.3,87.97,88.14,65906.0,354964.0
2026-01-20 07:00:00,2026-01-20,88.0,88.28,83.52,84.96,95094.0,351194.0
2026-01-21 07:00:00,2026-01-21,84.74,87.48,84.26,87.06,59549.0,346982
2026-01-22 07:00:00,2026-01-22,89.15,90.82,87.75,88.47,51613.0,347638
2026-01-23 07:00:00,2026-01-23,88.3,89.73,88.0,88.4,27683.0,348101
2026-01-26 07:00:00,2026-01-26,88.3,89.3,86.26,87.13,37032.0,349875
2026-01-27 07:00:00,2026-01-27,87.23,88.71,87.23,88.37,25979.0,349943
2026-01-28 07:00:00,2026-01-28,88.39,88.54,85.75,86.54,32787.0,350072
2026-01-29 07:00:00,2026-01-29,85.93,86.0,83.39,83.98,61243.0,346937
2026-01-30 07:00:00,2026-01-30,83.25,84.11,80.61,81.26,56121.0,
