date,open,high,low,close,volume,oi
2024-01-02,84.82,85.57,78.91,80.28,22440,246427
2024-01-03,80.49,82.12,80.33,81.67,15814,245981
2024-01-04,81.81,82.61,79.15,80.14,18261,247085
2024-01-05,80.17,81.09,79.53,80.67,12276,246559
2024-01-08,80.31,80.52,76.25,76.74,21593,247220
2024-01-09,76.31,77.17,75.44,76.26,18152,247917
2024-01-10,76.14,77.12,73.57,74.31,23712,252367
2024-01-11,74.40,74.63,71.30,72.24,30136,256467
2024-01-12,72.37,73.77,69.05,70.13,30253,260801
2024-01-15,70.32,71.84,68.93,71.57,25102,259218
2024-01-16,71.30,71.72,69.34,69.91,26136,260611
2024-01-17,69.71,70.44,67.18,67.47,29878,261762
2024-01-18,67.43,68.45,66.78,67.33,22395,263531
2024-01-19,67.69,68.67,67.25,67.97,20192,264703
2024-01-22,67.47,67.47,65.18,66.36,25424,265672
2024-01-23,66.43,68.12,65.92,67.37,24453,264950
2024-01-24,67.68,70.43,67.43,70.14,26517,263929
2024-01-25,70.47,70.75,67.20,67.53,31173,268418
2024-01-26,67.47,69.47,66.32,67.90,25932,269839
2024-01-29,67.92,68.45,65.89,66.10,28387,269994
2024-01-30,66.03,68.34,65.55,67.83,29131,272609
2024-01-31,68.30,69.47,67.26,68.48,23711,272614
2024-02-01,68.48,69.20,66.40,66.51,27170,275328
2024-02-02,66.29,68.70,66.22,67.72,25593,275630
2024-02-05,68.12,68.77,66.39,66.99,22594,277917
2024-02-06,67.11,68.29,66.32,67.90,22237,278078
2024-02-07,67.67,68.02,66.56,66.73,19327,277076
2024-02-08,66.82,66.82,64.58,65.10,29403,280639
2024-02-09,65.00,65.00,62.52,63.11,31446,284512
2024-02-12,62.96,63.13,60.91,61.21,27933,286130
2024-02-13,61.52,62.32,59.93,60.75,32485,287140
2024-02-14,60.97,61.90,59.73,60.95,29361,286484
2024-02-15,60.76,63.37,60.45,62.23,31537,285842
2024-02-16,62.18,62.53,60.59,61.49,23354,286053
2024-02-19,61.43,61.43,57.22,57.86,37617,290705
2024-02-20,57.82,59.39,56.04,58.63,35225,288407
2024-02-21,58.37,59.30,57.59,58.87,23689,288096
2024-02-22,58.63,58.81,56.69,57.12,31325,289539
2024-02-23,57.12,57.33,55.40,56.54,31097,289803
2024-02-26,56.48,58.87,55.87,58.29,30666,289628
2024-02-27,58.08,60.58,56.77,60.00,36340,287829
2024-02-28,60.52,63.20,59.77,62.16,46006,283709
2024-02-29,61.85,62.15,59.57,60.32,33973,281610
2024-03-01,60.35,61.17,59.37,60.69,24889,282907
2024-03-04,60.67,62.12,57.74,61.35,40357,286353
2024-03-05,61.60,65.71,61.02,64.86,59671,282222
2024-03-06,64.57,67.12,62.37,63.55,53980,282480
2024-03-07,63.11,65.41,61.72,63.48,45344,285313
2024-03-08,63.32,64.56,62.12,62.71,32550,287330
2024-03-11,62.32,62.71,60.09,60.53,32853,289219
2024-03-12,60.58,61.40,59.53,60.83,34864,289607
2024-03-13,61.18,62.24,59.85,60.36,33194,293878
2024-03-14,60.26,63.68,59.34,62.77,37897,289989
2024-03-15,63.12,64.57,62.46,63.71,38703,294097
2024-03-18,63.77,66.66,63.77,65.75,41647,295129
2024-03-19,65.73,67.21,63.82,65.16,32342,293112
2024-03-20,65.62,65.78,64.29,64.94,24031,292958
2024-03-21,64.50,64.62,63.12,63.39,28068,294791
2024-03-22,63.47,66.38,63.12,65.83,31005,297063
2024-03-25,66.01,69.81,66.00,69.32,36881,297131
2024-03-26,68.96,70.10,66.48,66.60,39899,299462
2024-03-27,66.82,67.63,65.36,66.75,29533,303156
2024-03-28,66.82,67.21,65.64,66.12,21555,305049
2024-04-02,65.80,65.82,62.88,63.04,31990,305461
2024-04-03,63.61,63.81,61.22,61.73,26576,303974
2024-04-04,61.41,63.56,61.41,62.82,26054,303135
2024-04-05,62.68,65.47,62.57,64.90,30835,301216
2024-04-08,65.22,68.12,64.01,67.83,37163,301156
2024-04-09,67.71,68.96,66.82,68.39,41638,290662
2024-04-10,68.14,69.42,66.61,67.19,30554,292220
2024-04-11,67.57,73.27,67.12,72.35,54795,290698
2024-04-12,72.92,76.19,72.38,75.87,52417,289544
2024-04-15,75.92,75.96,73.42,74.87,35524,287937
2024-04-16,74.57,79.22,74.07,77.94,43735,286818
2024-04-17,78.45,78.82,73.55,74.30,42918,285563
2024-04-18,74.22,76.61,72.47,75.85,40868,283273
2024-04-19,76.83,77.62,72.42,73.13,32412,282241
2024-04-22,72.41,72.51,70.33,70.65,38294,286331
2024-04-23,70.56,71.56,69.66,69.99,31308,288230
2024-04-24,70.57,71.79,69.07,70.79,30108,292075
2024-04-25,71.32,74.29,70.86,72.71,36770,295607
2024-04-26,72.53,73.52,70.89,71.24,21468,297800
2024-04-29,71.32,71.68,69.33,69.81,21882,299350
2024-04-30,70.27,73.92,69.70,72.84,31133,300518
2024-05-01,73.51,73.58,71.67,72.14,13263,300835
2024-05-02,72.20,77.51,71.53,76.83,48552,305873
2024-05-03,76.85,78.88,75.69,76.33,34658,304693
2024-05-06,76.06,78.81,75.80,77.52,20614,306017
2024-05-07,77.57,78.62,74.82,75.30,37056,311125
2024-05-08,75.21,77.12,73.90,76.01,26168,311572
2024-05-09,75.71,78.40,75.45,77.58,17429,312377
2024-05-10,77.82,79.82,75.59,76.23,25330,313285
2024-05-13,75.65,75.81,73.02,74.13,30747,313456
2024-05-14,74.34,75.64,73.34,74.54,20492,315931
2024-05-15,74.52,76.17,73.41,73.78,24297,318191
2024-05-16,73.41,75.60,73.20,74.42,25314,321366
2024-05-17,74.82,75.87,73.90,75.01,22632,322522
2024-05-20,75.32,79.22,75.32,78.54,35750,323298
2024-05-21,78.50,80.96,77.37,80.57,34332,325214
2024-05-22,80.30,81.82,79.82,80.53,29254,325224
2024-05-23,80.72,82.42,79.82,80.13,32467,326314
2024-05-24,80.32,81.02,78.17,79.93,23462,326226
2024-05-27,80.02,81.32,79.82,80.57,11805,326832
2024-05-28,80.32,80.57,78.41,78.90,27539,329293
2024-05-29,78.82,79.92,77.27,78.18,21858,329544
2024-05-30,78.11,80.23,77.69,79.80,24171,329425
2024-05-31,79.80,80.80,78.17,78.42,24059,329627
2024-06-03,78.72,82.13,78.55,78.89,33956,330170
2024-06-04,78.89,79.03,76.59,76.65,34073,330000
2024-06-05,77.05,77.64,75.26,76.14,31464,330342
2024-06-06,76.12,77.39,75.57,76.42,23849,330186
2024-06-07,76.21,76.21,75.33,75.71,19785,331118
2024-06-10,75.46,75.52,73.60,75.12,31217,331242
2024-06-11,75.12,76.49,74.19,74.95,29535,333575
2024-06-12,74.57,76.17,74.29,75.06,23168,333805
2024-06-13,74.62,76.32,74.62,75.03,24587,334373
2024-06-14,75.07,75.41,72.49,72.60,39780,338682
2024-06-17,72.82,73.62,71.83,72.31,26687,338785
2024-06-18,72.58,73.57,72.03,72.82,37155,346400
2024-06-19,73.19,75.13,72.82,74.65,28287,342582
2024-06-20,74.92,75.92,73.37,73.54,25283,342937
2024-06-21,73.85,73.85,72.26,72.45,28267,349260
2024-06-24,72.34,72.60,71.33,71.67,31847,353485
2024-06-25,71.77,72.39,71.17,72.24,25633,354577
2024-06-26,72.51,73.41,71.11,71.25,25990,355843
2024-06-27,71.36,72.10,70.74,70.99,24577,358346
2024-06-28,70.82,72.72,70.10,71.79,24003,357843
2024-07-01,71.73,74.00,71.45,72.37,22386,357779
2024-07-02,72.62,75.35,71.84,74.99,31908,358571
2024-07-03,75.02,76.27,74.31,75.08,33451,359447
2024-07-04,75.07,75.48,74.13,74.39,24752,359778
2024-07-05,74.39,75.56,74.26,74.68,16441,359688
2024-07-08,74.91,76.17,73.12,73.31,30242,361404
2024-07-09,73.30,73.52,72.43,72.88,20539,362325
2024-07-10,72.98,73.75,72.18,72.28,20132,363609
2024-07-11,72.47,73.15,71.92,72.69,22021,363359
2024-07-12,72.84,73.85,72.01,73.51,19468,362207
2024-07-15,73.90,73.90,71.41,71.96,27595,363566
2024-07-16,72.17,72.62,71.48,72.34,21326,363416
2024-07-17,72.33,72.45,70.73,70.86,26377,366585
2024-07-18,70.75,71.30,70.33,70.76,20688,367825
2024-07-19,70.67,71.81,70.04,70.62,17152,368656
2024-07-22,70.60,71.11,68.56,69.04,29912,372152
2024-07-23,69.05,70.56,68.58,70.05,22544,372909
2024-07-24,70.11,73.36,69.87,72.73,32784,372504
2024-07-25,73.23,73.26,70.92,71.13,26988,372183
2024-07-26,71.33,72.58,71.11,72.19,19855,367607
2024-07-29,72.02,73.22,71.52,73.01,21029,368552
2024-07-30,73.21,73.62,71.79,72.96,25767,370149
2024-07-31,73.04,73.82,72.35,73.53,26344,368504
2024-08-01,73.87,75.82,73.15,75.50,33767,366962
2024-08-02,75.50,75.63,73.75,74.90,26393,364941
2024-08-05,74.21,74.21,72.17,73.05,26971,362639
2024-08-06,73.34,74.71,73.34,74.28,22124,362409
2024-08-07,74.28,75.75,73.42,74.89,23495,362445
2024-08-08,75.51,76.05,74.04,75.38,25818,362435
2024-08-09,75.32,76.18,73.93,74.46,20312,362925
2024-08-12,74.40,78.45,73.78,76.97,39297,362516
2024-08-13,76.46,77.38,75.46,75.61,25819,362022
2024-08-14,75.67,76.76,75.58,76.19,15753,364817
2024-08-15,76.30,76.55,74.80,76.43,22757,364324
2024-08-16,76.51,77.30,75.82,76.84,14659,364313
2024-08-19,76.82,78.12,76.33,77.46,20346,364945
2024-08-20,77.26,79.07,76.97,77.39,29995,363977
2024-08-21,77.61,78.15,76.00,76.46,20045,363999
2024-08-22,76.74,76.96,75.49,75.89,22100,367127
2024-08-23,75.83,76.69,74.94,75.45,16664,367336
2024-08-26,75.42,76.07,74.39,74.81,17218,368185
2024-08-27,74.99,76.25,74.56,75.81,20880,371185
2024-08-28,75.83,76.53,74.67,75.09,22665,372699
2024-08-29,74.97,75.55,74.40,75.38,20726,372277
2024-08-30,75.41,75.77,74.28,74.62,20557,370621
2024-09-02,74.35,75.31,73.88,74.75,24524,370115
2024-09-03,74.73,74.76,72.42,72.48,34962,374203
2024-09-04,72.42,72.79,71.07,71.32,28038,373027
2024-09-05,71.11,72.00,70.27,70.52,33738,372667
2024-09-06,70.42,72.06,70.36,70.82,33392,368659
2024-09-09,70.82,71.77,70.38,70.84,24486,369933
2024-09-10,70.59,71.50,69.08,69.24,34476,371505
2024-09-11,69.46,70.85,69.03,70.72,31441,372897
2024-09-12,70.40,70.75,69.43,69.77,24047,376051
2024-09-13,69.57,70.26,68.92,69.31,25956,378833
2024-09-16,69.17,69.29,67.47,67.53,37405,381133
2024-09-17,67.52,69.48,66.77,68.66,33428,380589
2024-09-18,68.81,69.20,67.53,68.02,22574,381654
2024-09-19,68.25,69.74,66.71,67.14,49397,386025
2024-09-20,67.82,68.47,67.20,67.71,24427,385967
2024-09-23,68.02,69.04,67.66,68.42,27180,388015
2024-09-24,68.53,69.25,67.85,68.19,31132,389549
2024-09-25,68.60,69.91,67.97,69.56,33931,392421
2024-09-26,69.57,71.07,68.66,70.84,31100,396747
2024-09-27,70.32,70.78,69.60,70.65,21369,396531
2024-09-30,70.78,71.29,69.45,69.88,25803,398090
2024-10-01,69.55,69.55,67.07,67.93,48305,405300
2024-10-02,68.22,69.36,66.86,66.92,35784,412005
2024-10-03,66.88,67.28,66.33,67.08,23528,413145
2024-10-04,66.36,66.89,65.73,66.37,25357,414837
2024-10-07,65.84,66.82,64.38,66.08,61028,393040
2024-10-08,66.24,66.24,64.39,64.61,31756,393311
2024-10-09,64.51,67.03,64.27,66.33,36106,392335
2024-10-10,66.84,69.53,66.36,69.32,30189,389537
2024-10-11,69.22,69.41,68.07,68.94,25050,386382
2024-10-14,69.07,70.50,68.17,70.29,23329,386732
2024-10-15,69.73,69.91,68.49,69.41,24997,385968
2024-10-16,69.16,69.95,67.12,67.35,28445,386277
2024-10-17,67.35,67.96,66.95,67.30,20512,386770
2024-10-18,67.32,67.79,66.54,66.60,21055,387564
2024-10-21,66.77,67.27,65.68,66.08,23678,389463
2024-10-22,66.22,66.88,65.61,66.57,26357,391398
2024-10-23,66.67,69.68,66.03,69.21,30671,389968
2024-10-24,69.27,71.89,69.07,70.95,42143,389085
2024-10-25,70.93,71.68,70.40,71.29,31313,385602
2024-10-28,70.57,70.93,68.93,70.72,27999,383677
2024-10-29,71.14,72.07,70.46,71.60,33572,379961
2024-10-30,71.17,71.51,69.26,69.79,25801,377423
2024-10-31,69.80,70.27,67.86,68.90,27403,381074
2024-11-01,68.10,69.28,67.54,68.19,24861,380760
2024-11-04,68.41,70.21,68.32,69.54,25352,380345
2024-11-05,69.78,70.01,68.42,68.62,24661,380625
2024-11-06,68.32,68.51,66.69,68.08,32219,380268
2024-11-07,68.10,70.61,67.97,70.36,30726,377881
2024-11-08,70.57,72.60,70.28,72.34,36730,377527
2024-11-11,71.59,73.12,71.24,71.89,32430,379654
2024-11-12,71.82,72.09,70.08,71.85,33587,377282
2024-11-13,71.44,71.56,69.71,70.63,34369,371081
2024-11-14,71.04,72.78,70.93,72.59,37815,370048
2024-11-15,72.57,73.12,71.07,72.33,32699,367017
2024-11-18,71.60,74.35,71.28,73.83,38344,368896
2024-11-19,73.79,74.15,72.16,72.45,35332,363424
2024-11-20,72.34,73.72,72.21,72.70,27202,363160
2024-11-21,72.78,75.10,72.77,74.31,40130,359378
2024-11-22,74.81,75.28,73.33,73.59,39971,349180
2024-11-25,74.07,75.86,73.56,74.18,32418,346078
2024-11-26,74.02,74.07,72.57,73.55,34264,339732
2024-11-27,73.56,73.70,72.02,72.79,25996,334774
2024-11-28,72.45,73.23,71.85,71.95,25891,332902
2024-11-29,72.17,72.86,71.45,72.72,22283,332063
2024-12-02,72.87,74.46,72.42,73.15,33762,329030
2024-12-03,73.22,73.57,72.17,72.81,29000,323554
2024-12-04,72.33,72.60,71.60,72.18,29531,317900
2024-12-05,72.13,73.01,71.23,71.66,28098,316854
2024-12-06,71.57,73.06,71.24,72.63,29001,309974
2024-12-09,72.87,73.02,70.25,70.69,47092,282208
2024-12-10,70.67,73.04,70.47,72.50,43061,272021
2024-12-11,72.62,73.90,72.23,72.95,43387,250883
2024-12-12,72.85,73.16,69.86,70.42,47624,244224
2024-12-13,70.13,70.93,68.47,68.75,20575,238631
2024-12-16,68.37,68.63,67.05,67.64,6165,236119
2024-12-17,67.28,68.13,66.33,66.54,26962,298481
2024-12-18,66.68,68.03,66.43,67.14,25644,301001
2024-12-19,67.28,70.28,67.06,69.97,34211,297267
2024-12-20,70.13,70.98,69.68,70.48,16854,295576
2024-12-23,70.28,72.43,69.64,71.96,16222,295328
2024-12-24,71.94,72.33,71.34,71.75,6139,294546
2024-12-27,72.03,74.08,71.89,73.84,13792,293957
2024-12-30,73.93,74.34,72.68,74.26,15094,291975
2024-12-31,74.32,75.90,74.18,75.28,14671,290057
2025-01-02,75.83,77.63,74.28,77.47,26454,288343
2025-01-03,77.33,78.63,77.14,78.22,22634,288274
2025-01-06,78.22,78.43,76.08,76.64,25336,290888
2025-01-07,76.84,77.20,75.19,76.32,26269,292105
2025-01-08,76.90,76.90,74.19,74.45,25207,293213
2025-01-09,74.23,75.99,73.83,75.74,26945,293657
2025-01-10,75.67,77.46,74.61,77.13,28395,293931
2025-01-13,77.68,79.51,77.68,79.20,30685,293042
2025-01-14,79.03,79.53,78.03,79.24,23587,293909
2025-01-15,79.53,81.23,79.48,80.26,32737,294142
2025-01-16,80.28,81.03,79.53,80.61,29678,296081
2025-01-17,80.46,82.78,80.08,81.54,33966,297810
2025-01-20,81.28,82.78,80.73,82.27,28308,298121
2025-01-21,82.39,82.70,80.18,82.55,33204,297541
2025-01-22,82.09,82.23,80.76,81.22,26233,298262
2025-01-23,81.50,84.28,81.26,83.04,38600,298028
2025-01-24,83.39,84.01,82.16,83.95,27479,295959
2025-01-27,83.35,83.86,81.28,81.64,29406,295952
2025-01-28,81.83,83.08,80.58,82.54,30648,296177
2025-01-29,83.08,86.08,83.08,85.23,33851,295720
2025-01-30,85.78,86.78,84.53,84.94,29987,296306
2025-01-31,85.18,86.72,84.95,86.21,25637,298024
2025-02-03,86.29,86.50,82.38,83.24,42835,299817
2025-02-04,83.38,84.18,81.76,83.16,33803,300191
2025-02-05,83.28,84.94,82.05,83.40,28077,302392
2025-02-06,83.33,85.28,83.22,84.21,31289,307136
2025-02-07,83.92,84.93,83.39,84.56,21203,307153
2025-02-10,84.98,86.53,84.98,85.22,25919,309021
2025-02-11,85.08,86.45,83.90,84.87,30997,312360
2025-02-12,83.88,84.40,82.33,82.57,31604,314720
2025-02-13,82.53,82.77,80.07,80.33,43332,313902
2025-02-14,79.97,82.21,79.53,82.03,32322,313285
2025-02-17,82.16,82.16,79.08,79.49,26715,313288
2025-02-18,79.01,79.68,76.91,78.02,46051,310867
2025-02-19,77.76,78.54,75.81,76.30,32208,309342
2025-02-20,76.13,76.25,74.54,74.95,42914,309737
2025-02-21,74.88,77.18,74.69,76.18,29690,309194
2025-02-24,76.90,77.27,74.44,75.94,31858,307865
2025-02-25,76.04,76.28,73.43,74.03,31628,308138
2025-02-26,74.06,74.86,72.97,73.30,32840,307467
2025-02-27,73.28,75.81,73.28,75.06,34985,306175
2025-02-28,75.18,75.97,73.04,73.28,27409,305033
2025-03-03,74.08,75.15,73.56,73.83,26455,306181
2025-03-04,73.68,73.94,69.98,70.78,53867,309732
2025-03-05,70.49,71.83,70.35,71.07,40091,309971
2025-03-06,70.54,71.40,69.12,69.60,42508,312131
2025-03-07,69.58,71.73,69.06,70.91,40826,313127
2025-03-10,70.73,72.56,69.93,71.29,37554,318886
2025-03-11,71.04,71.99,69.70,70.52,30833,319989
2025-03-12,69.97,72.09,69.55,71.90,27375,320702
2025-03-13,71.64,74.10,70.82,72.88,37728,321147
2025-03-14,72.70,74.03,71.65,73.27,25075,322745
2025-03-17,72.65,73.27,71.87,72.39,20039,322939
2025-03-18,72.45,74.03,72.10,73.58,31663,326310
2025-03-19,73.78,76.51,73.78,75.72,35852,328614
2025-03-20,76.01,76.47,75.08,75.29,27713,329253
2025-03-21,76.28,76.44,73.51,73.73,26970,330421
2025-03-24,73.58,74.22,73.03,73.80,23883,330494
2025-03-25,73.53,73.88,72.49,72.74,27998,331662
2025-03-26,72.55,74.08,72.16,73.11,30723,331610
2025-03-27,72.83,72.86,70.36,70.82,43696,330741
2025-03-28,70.48,71.66,70.23,71.08,22718,330548
2025-03-31,70.83,71.46,69.36,70.26,35099,330277
2025-04-01,70.26,73.00,69.89,72.14,35632,333401
2025-04-02,72.28,72.63,70.44,70.83,26794,336480
2025-04-03,69.74,69.76,67.91,68.34,49500,336361
2025-04-04,68.34,68.54,64.97,66.10,64730,331383
2025-04-07,64.78,67.52,62.54,65.12,66118,330726
2025-04-08,65.74,65.85,63.12,64.34,44524,329531
2025-04-09,62.93,63.95,62.35,63.22,48549,329497
2025-04-10,65.78,67.54,63.96,64.40,41656,328856
2025-04-11,65.10,67.61,64.06,67.10,37729,328218
2025-04-14,67.50,69.61,67.43,68.79,27992,327744
2025-04-15,68.88,70.23,68.03,68.47,27300,328550
2025-04-16,67.98,69.92,67.80,69.25,26776,327733
2025-04-17,69.46,69.65,67.75,68.17,21339,328126
2025-04-21,68.17,68.17,68.17,68.17,0,0
2025-04-22,67.38,68.22,65.89,66.67,26243,329625
2025-04-23,67.08,69.58,67.08,69.18,32337,328807
2025-04-24,68.80,68.97,67.03,68.59,26372,328740
2025-04-25,68.74,69.91,68.52,68.71,24713,328566
2025-04-28,68.39,68.65,67.00,67.59,23552,328527
2025-04-29,67.23,67.68,66.42,67.13,24939,331622
2025-04-30,67.18,69.18,66.80,68.83,22903,329167
2025-05-01,69.14,69.63,68.52,69.30,9364,328038
2025-05-02,69.35,71.55,69.06,71.04,27728,327584
2025-05-05,70.96,71.01,68.98,69.75,20259,327642
2025-05-06,69.83,71.96,69.73,71.55,27184,328301
2025-05-07,71.93,73.68,71.33,73.34,33172,325047
2025-05-08,73.34,74.04,72.68,73.00,25019,324400
2025-05-09,73.33,73.77,72.10,72.67,20188,323552
2025-05-12,73.08,75.91,72.80,75.69,33930,322318
2025-05-13,75.40,76.10,74.18,75.18,29577,318809
2025-05-14,75.36,75.91,73.83,74.61,21274,318806
2025-05-15,74.38,75.98,73.48,75.69,25382,317478
2025-05-16,75.73,77.30,73.09,73.27,36994,317705
2025-05-19,73.27,74.74,71.88,72.70,34545,316698
2025-05-20,72.04,75.79,72.01,75.46,29194,317798
2025-05-21,75.90,76.15,74.58,75.02,22246,318115
2025-05-22,74.87,75.91,74.03,74.43,25750,318727
2025-05-23,74.78,75.28,72.28,73.84,29768,317448
2025-05-26,74.28,75.65,74.28,75.31,13103,316769
2025-05-27,75.19,75.37,73.08,74.04,24919,318101
2025-05-28,73.48,74.93,73.05,74.35,24162,320932
2025-05-29,75.14,75.76,72.93,73.22,24700,320491
2025-05-30,73.04,73.97,72.41,72.69,19723,317555
2025-06-02,72.29,74.42,72.29,73.19,26299,317426
2025-06-03,73.35,75.14,72.96,74.88,27013,319824
2025-06-04,74.76,75.85,74.50,74.89,22761,320187
2025-06-05,74.89,76.32,74.60,75.02,27691,321194
2025-06-06,75.18,76.23,74.85,75.78,15973,321022
2025-06-09,76.16,77.22,75.52,76.51,21681,320734
2025-06-10,76.51,76.56,74.59,74.94,27510,320699
2025-06-11,75.30,77.23,75.06,76.64,30312,322494
2025-06-12,76.54,78.08,75.60,77.67,36503,324500
2025-06-13,78.28,79.03,77.86,78.22,29640,323965
2025-06-16,78.04,78.75,76.97,77.62,29727,323780
2025-06-17,77.43,77.94,76.44,76.92,25551,325145
2025-06-18,77.13,77.54,76.47,76.89,25811,324035
2025-06-19,76.88,77.31,74.01,75.02,41798,325610
2025-06-20,75.14,75.65,74.36,75.25,22325,324690
2025-06-23,75.13,75.78,74.71,75.55,26599,324446
2025-06-24,75.28,76.85,74.88,75.82,38626,321931
2025-06-25,75.52,75.68,73.24,73.43,31861,322739
2025-06-26,73.36,73.78,72.54,72.68,35120,320370
2025-06-27,72.70,73.42,72.39,73.24,24264,319363
2025-06-30,73.31,73.36,70.99,71.25,27504,319974
2025-07-01,71.39,73.17,71.18,72.86,25719,318476
2025-07-02,72.87,74.57,72.83,74.21,21001,319486
2025-07-03,73.98,75.07,73.34,74.34,22285,318241
2025-07-04,74.60,74.60,73.53,73.95,12909,319160
2025-07-07,73.98,74.27,72.90,73.48,17583,318933
2025-07-08,73.50,73.74,72.56,72.70,20614,319320
2025-07-09,72.73,73.36,72.17,72.67,17800,320154
2025-07-10,72.65,73.83,72.59,73.02,18572,321618
2025-07-11,72.88,73.28,71.92,72.83,21755,321020
2025-07-14,72.38,73.67,71.80,72.70,23617,323301
2025-07-15,72.58,73.93,72.27,73.79,19394,325885
2025-07-16,73.56,74.67,73.12,73.59,18060,326325
2025-07-17,73.44,73.67,72.60,72.83,20011,326066
2025-07-18,72.83,73.31,72.12,72.17,18031,327097
2025-07-21,72.40,72.83,72.00,72.11,20623,328708
2025-07-22,72.19,72.19,71.14,71.39,24527,329710
2025-07-23,71.62,72.27,71.28,71.64,19453,331048
2025-07-24,72.11,73.46,71.51,73.16,30788,332644
2025-07-25,73.39,73.78,72.92,73.62,17457,333078
2025-07-28,73.78,74.53,72.34,72.93,24470,333961
2025-07-29,73.01,75.58,72.68,75.36,32094,335880
2025-07-30,75.46,75.63,74.80,75.14,14923,334621
2025-07-31,74.92,75.35,74.50,74.94,20485,335217
2025-08-01,74.58,74.71,73.28,73.32,27573,335306
2025-08-04,73.28,73.61,72.43,73.13,22021,333839
2025-08-05,73.14,74.02,72.78,73.87,21039,333937
2025-08-06,73.67,73.99,73.03,73.27,17204,335278
2025-08-07,73.01,74.29,72.58,74.05,25382,334273
2025-08-08,74.24,75.63,74.08,75.49,28220,334592
2025-08-11,75.26,75.43,74.28,74.65,18799,332913
2025-08-12,74.57,74.70,73.65,73.78,17885,333519
2025-08-13,73.78,74.43,73.54,74.02,14855,334724
2025-08-14,74.16,74.16,72.85,73.24,27440,331793
2025-08-15,73.30,73.59,72.56,72.96,16547,332925
2025-08-18,73.17,74.27,72.58,74.10,22935,334562
2025-08-19,73.93,74.36,73.31,73.44,22157,335216
2025-08-20,73.58,73.82,72.93,73.57,17754,336461
2025-08-21,73.77,75.04,73.34,74.90,26994,336880
2025-08-22,74.88,75.08,74.54,74.81,26994,336880
2025-08-25,74.79,74.88,74.10,74.47,15152,338181
2025-08-26,74.32,75.26,73.86,75.03,21059,340557
2025-08-27,75.00,75.58,74.21,74.52,19162,339452
2025-08-28,74.62,74.62,73.59,74.00,24646,340721
2025-08-29,74.00,75.33,73.88,75.27,23413,342992
2025-09-01,75.18,76.83,75.06,76.25,32664,345801
2025-09-02,76.40,76.72,75.64,75.89,28117,344044
2025-09-03,75.74,77.33,75.70,77.23,28898,342971
2025-09-04,77.28,77.99,76.86,77.72,27743,343492
2025-09-05,77.57,78.53,77.57,78.32,27459,343314
2025-09-08,78.33,79.60,77.78,79.45,28614,344793
2025-09-09,79.28,79.51,78.28,79.18,31688,346299
2025-09-10,79.28,79.86,78.53,79.38,25327,348331
2025-09-11,79.45,79.58,77.58,77.82,34837,349117
2025-09-12,77.62,78.31,77.38,78.05,21957,351133
2025-09-15,77.88,79.34,77.39,79.03,29113,353026
2025-09-16,79.33,80.54,78.77,79.79,32480,352111
2025-09-17,79.78,80.73,78.97,79.26,31125,351066
2025-09-18,79.22,80.51,79.11,80.12,26429,352301
2025-09-19,79.93,80.03,79.29,79.83,18696,353508
2025-09-22,79.97,79.97,78.19,78.49,27291,355535
2025-09-23,78.49,79.53,78.05,79.07,25554,357172
2025-09-24,78.92,79.06,78.05,78.30,22093,354700
2025-09-25,78.31,78.87,77.64,78.04,25407,353056
2025-09-26,77.81,78.38,77.38,78.26,20195,355873
2025-09-29,78.13,79.25,77.34,79.07,27910,359076
2025-09-30,79.07,79.08,77.85,78.00,24553,360319
2025-10-01,77.89,78.84,76.79,78.61,33967,358983
2025-10-02,78.63,80.08,78.39,79.71,31991,360295
2025-10-03,79.93,81.83,79.80,81.44,33990,361436
2025-10-06,82.00,82.39,80.89,81.03,31030,360935
2025-10-07,81.03,81.41,80.28,80.59,27641,361096
2025-10-08,80.42,81.57,80.18,81.29,19358,359782
2025-10-09,81.18,81.82,80.32,81.51,25204,360888
2025-10-10,81.50,82.65,81.29,81.96,31682,360315
2025-10-13,81.82,82.02,80.04,80.40,32542,360160
2025-10-14,80.18,80.18,78.97,79.20,32098,358826
2025-10-15,79.01,80.58,78.96,80.16,26110,359065
2025-10-16,80.34,81.97,79.89,81.79,27016,360218
2025-10-17,81.27,82.18,80.40,81.74,32241,360868
2025-10-20,81.78,82.24,80.93,82.10,25311,360757
2025-10-21,82.09,82.27,81.20,81.86,23122,360179
2025-10-22,81.68,81.92,80.43,80.74,24580,359554
2025-10-23,80.76,81.47,80.30,80.72,25453,359234
2025-10-24,80.77,81.17,80.19,80.60,17200,360621
2025-10-27,80.58,80.58,79.29,80.05,22999,361245
2025-10-28,80.22,81.16,79.78,80.60,23625,364780
2025-10-29,80.93,81.41,80.46,81.09,22112,367005
2025-10-30,81.14,81.82,80.82,80.95,22435,369822
2025-10-31,81.07,81.41,80.29,80.82,20288,370256
2025-11-03,81.06,84.03,81.06,83.48,47976,370812
2025-11-04,83.48,84.69,83.34,84.59,34708,370620
2025-11-05,84.28,84.51,83.17,83.77,26676,372516
2025-11-06,83.52,83.52,82.40,82.45,33941,366350
2025-11-07,82.63,82.96,81.70,81.75,32535,362665
2025-11-10,81.83,82.63,81.19,82.24,28311,361512
2025-11-11,82.29,83.18,81.78,82.93,36509,351311
2025-11-12,83.07,84.65,83.07,84.19,41099,346481
2025-11-13,84.44,85.07,83.20,83.62,41770,335296
2025-11-14,83.56,84.03,82.72,83.21,28084,334076
2025-11-17,83.73,83.73,82.06,82.20,34460,331393
2025-11-18,82.19,83.73,81.80,83.50,40851,324653
2025-11-19,83.17,83.87,82.48,82.94,32508,318296
2025-11-20,82.94,84.17,82.94,83.64,28326,317131
2025-11-21,83.13,83.28,82.32,82.69,32453,311604
2025-11-24,82.58,83.18,81.85,82.89,45681,302141
2025-11-25,82.82,84.48,82.77,84.15,45134,299850
2025-11-26,84.29,84.62,83.58,83.96,43705,291428
2025-11-27,83.97,84.80,83.29,84.49,55623,283250
2025-11-28,84.54,85.60,84.54,85.54,33702,278303
2025-12-01,85.28,85.65,84.81,84.92,39238,266491
2025-12-02,84.78,84.84,83.79,84.10,47309,260894
2025-12-03,84.16,84.64,83.50,84.07,46309,251573
2025-12-04,83.83,84.96,83.56,84.71,48548,236979
2025-12-05,84.75,85.02,83.89,84.26,39010,226394
2025-12-08,84.02,84.86,83.94,84.26,33505,218899
2025-12-09,84.38,85.23,84.16,85.13,41002,216462
2025-12-10,84.90,85.18,84.20,84.70,44575,201520
2025-12-11,85.00,86.68,85.00,86.18,44122,183007
2025-12-12,86.36,86.68,85.68,86.07,20514,174125
2025-12-15,85.95,87.79,85.95,87.28,6632,171590
2025-12-16,87.37,87.98,86.95,87.36,19846,353409
2025-12-17,87.37,88.49,86.45,86.80,32807,357488
2025-12-18,86.89,87.14,85.56,86.48,27485,356398
2025-12-19,86.60,87.29,86.08,87.05,16349,357322
2025-12-22,87.05,87.95,86.71,87.48,17696,358373
2025-12-23,87.48,88.88,87.48,88.54,18145,358221
2025-12-24,88.54,88.59,87.74,88.01,6770,358985
2025-12-26,88.01,88.01,88.01,88.01,0,0
2025-12-29,88.07,88.47,87.25,87.46,15968,358285
2025-12-30,87.25,87.60,86.92,87.28,13747,356365
2025-12-31,86.99,87.55,86.83,87.37,11918,355979
2026-01-02,87.55,88.88,87.47,88.31,15833,356642
2026-01-05,88.09,88.78,87.05,87.25,27596,354539
2026-01-06,87.51,88.15,87.13,88.10,22456,352713
2026-01-07,88.20,88.75,87.76,88.13,27625,353178
2026-01-08,87.60,88.34,87.10,88.19,26468,0
