Symbol,DateTime,  Open, High, Low, Close, Volume,OI
CKZ24,2024-01-02,80.5,81.25,74.59,75.96,22440,246427
CKZ24,2024-01-03,76.17,77.8,76.01,77.35,15814,245981
CKZ24,2024-01-04,77.49,78.29,74.83,75.82,18261,247085
CKZ24,2024-01-05,75.85,76.77,75.21,76.35,12276,246559
CKZ24,2024-01-08,75.99,76.2,71.93,72.42,21593,247220
CKZ24,2024-01-09,71.99,72.85,71.12,71.94,18152,247917
CKZ24,2024-01-10,71.82,72.8,69.25,69.99,23712,252367
CKZ24,2024-01-11,70.08,70.31,66.98,67.92,30136,256467
CKZ24,2024-01-12,68.05,69.45,64.73,65.81,30253,260801
CKZ24,2024-01-15,66,67.52,64.61,67.25,25102,259218
CKZ24,2024-01-16,66.98,67.4,65.02,65.59,26136,260611
CKZ24,2024-01-17,65.39,66.12,62.86,63.15,29878,261762
CKZ24,2024-01-18,63.11,64.13,62.46,63.01,22395,263531
CKZ24,2024-01-19,63.37,64.35,62.93,63.65,20192,264703
CKZ24,2024-01-22,63.15,63.15,60.86,62.04,25424,265672
CKZ24,2024-01-23,62.11,63.8,61.6,63.05,24453,264950
CKZ24,2024-01-24,63.36,66.11,63.11,65.82,26517,263929
CKZ24,2024-01-25,66.15,66.43,62.88,63.21,31173,268418
CKZ24,2024-01-26,63.15,65.15,62,63.58,25932,269839
CKZ24,2024-01-29,63.6,64.13,61.57,61.78,28387,269994
CKZ24,2024-01-30,61.71,64.02,61.23,63.51,29131,272609
CKZ24,2024-01-31,63.98,65.15,62.94,64.16,23711,272614
CKZ24,2024-02-01,64.16,64.88,62.08,62.19,27170,275328
CKZ24,2024-02-02,61.97,64.38,61.9,63.4,25593,275630
CKZ24,2024-02-05,63.8,64.45,62.07,62.67,22594,277917
CKZ24,2024-02-06,62.79,63.97,62,63.58,22237,278078
CKZ24,2024-02-07,63.35,63.7,62.24,62.41,19327,277076
CKZ24,2024-02-08,62.5,62.5,60.26,60.78,29403,280639
CKZ24,2024-02-09,60.68,60.68,58.2,58.79,31446,284512
CKZ24,2024-02-12,58.64,58.81,56.59,56.89,27933,286130
CKZ24,2024-02-13,57.2,58,55.61,56.43,32485,287140
CKZ24,2024-02-14,56.65,57.58,55.41,56.63,29361,286484
CKZ24,2024-02-15,56.44,59.05,56.13,57.91,31537,285842
CKZ24,2024-02-16,57.86,58.21,56.27,57.17,23354,286053
CKZ24,2024-02-19,57.11,57.11,52.9,53.54,37617,290705
CKZ24,2024-02-20,53.5,55.07,51.72,54.31,35225,288407
CKZ24,2024-02-21,54.05,54.98,53.27,54.55,23689,288096
CKZ24,2024-02-22,54.31,54.49,52.37,52.8,31325,289539
CKZ24,2024-02-23,52.8,53.01,51.08,52.22,31097,289803
CKZ24,2024-02-26,52.16,54.55,51.55,53.97,30666,289628
CKZ24,2024-02-27,53.76,56.26,52.45,55.68,36340,287829
CKZ24,2024-02-28,56.2,58.88,55.45,57.84,46006,283709
CKZ24,2024-02-29,57.53,57.83,55.25,56,33973,281610
CKZ24,2024-03-01,56.03,56.85,55.05,56.37,24889,282907
CKZ24,2024-03-04,56.35,57.8,53.42,57.03,40357,286353
CKZ24,2024-03-05,57.28,61.39,56.7,60.54,59671,282222
CKZ24,2024-03-06,60.25,62.8,58.05,59.23,53980,282480
CKZ24,2024-03-07,58.79,61.09,57.4,59.16,45344,285313
CKZ24,2024-03-08,59,60.24,57.8,58.39,32550,287330
CKZ24,2024-03-11,58,58.39,55.77,56.21,32853,289219
CKZ24,2024-03-12,56.26,57.08,55.21,56.51,34864,289607
CKZ24,2024-03-13,56.86,57.92,55.53,56.04,33194,293878
CKZ24,2024-03-14,55.94,59.36,55.02,58.45,37897,289989
CKZ24,2024-03-15,58.8,60.25,58.14,59.39,38703,294097
CKZ24,2024-03-18,59.45,62.34,59.45,61.43,41647,295129
CKZ24,2024-03-19,61.41,62.89,59.5,60.84,32342,293112
CKZ24,2024-03-20,61.3,61.46,59.97,60.62,24031,292958
CKZ24,2024-03-21,60.18,60.3,58.8,59.07,28068,294791
CKZ24,2024-03-22,59.15,62.06,58.8,61.51,31005,297063
CKZ24,2024-03-25,61.69,65.49,61.68,65,36881,297131
CKZ24,2024-03-26,64.64,65.78,62.16,62.28,39899,299462
CKZ24,2024-03-27,62.5,63.31,61.04,62.43,29533,303156
CKZ24,2024-03-28,62.5,62.89,61.32,61.8,21555,305049
CKZ24,2024-04-02,61.48,61.5,58.56,58.72,31990,305461
CKZ24,2024-04-03,59.29,59.49,56.9,57.41,26576,303974
CKZ24,2024-04-04,57.09,59.24,57.09,58.5,26054,303135
CKZ24,2024-04-05,58.36,61.15,58.25,60.58,30835,301216
CKZ24,2024-04-08,60.9,63.8,59.69,63.51,37163,301156
CKZ24,2024-04-09,63.39,64.64,62.5,64.07,41638,290662
CKZ24,2024-04-10,63.82,65.1,62.29,62.87,30554,292220
CKZ24,2024-04-11,63.25,68.95,62.8,68.03,54795,290698
CKZ24,2024-04-12,68.6,71.87,68.06,71.55,52417,289544
CKZ24,2024-04-15,71.6,71.64,69.1,70.55,35524,287937
CKZ24,2024-04-16,70.25,74.9,69.75,73.62,43735,286818
CKZ24,2024-04-17,74.13,74.5,69.23,69.98,42918,285563
CKZ24,2024-04-18,69.9,72.29,68.15,71.53,40868,283273
CKZ24,2024-04-19,72.51,73.3,68.1,68.81,32412,282241
CKZ24,2024-04-22,68.09,68.19,66.01,66.33,38294,286331
CKZ24,2024-04-23,66.24,67.24,65.34,65.67,31308,288230
CKZ24,2024-04-24,66.25,67.47,64.75,66.47,30108,292075
CKZ24,2024-04-25,67,69.97,66.54,68.39,36770,295607
CKZ24,2024-04-26,68.21,69.2,66.57,66.92,21468,297800
CKZ24,2024-04-29,67,67.36,65.01,65.49,21882,299350
CKZ24,2024-04-30,65.95,69.6,65.38,68.52,31133,300518
CKZ24,2024-05-01,69.19,69.26,67.35,67.82,13263,300835
CKZ24,2024-05-02,67.88,73.19,67.21,72.51,48552,305873
CKZ24,2024-05-03,72.53,74.56,71.37,72.01,34658,304693
CKZ24,2024-05-06,71.74,74.49,71.48,73.2,20614,306017
CKZ24,2024-05-07,73.25,74.3,70.5,70.98,37056,311125
CKZ24,2024-05-08,70.89,72.8,69.58,71.69,26168,311572
CKZ24,2024-05-09,71.39,74.08,71.13,73.26,17429,312377
CKZ24,2024-05-10,73.5,75.5,71.27,71.91,25330,313285
CKZ24,2024-05-13,71.33,71.49,68.7,69.81,30747,313456
CKZ24,2024-05-14,70.02,71.32,69.02,70.22,20492,315931
CKZ24,2024-05-15,70.2,71.85,69.09,69.46,24297,318191
CKZ24,2024-05-16,69.09,71.28,68.88,70.1,25314,321366
CKZ24,2024-05-17,70.5,71.55,69.58,70.69,22632,322522
CKZ24,2024-05-20,71,74.9,71,74.22,35750,323298
CKZ24,2024-05-21,74.18,76.64,73.05,76.25,34332,325214
CKZ24,2024-05-22,75.98,77.5,75.5,76.21,29254,325224
CKZ24,2024-05-23,76.4,78.1,75.5,75.81,32467,326314
CKZ24,2024-05-24,76,76.7,73.85,75.61,23462,326226
CKZ24,2024-05-27,75.7,77,75.5,76.25,11805,326832
CKZ24,2024-05-28,76,76.25,74.09,74.58,27539,329293
CKZ24,2024-05-29,74.5,75.6,72.95,73.86,21858,329544
CKZ24,2024-05-30,73.79,75.91,73.37,75.48,24171,329425
CKZ24,2024-05-31,75.48,76.48,73.85,74.1,24059,329627
CKZ24,2024-06-03,74.4,77.81,74.23,74.57,33956,330170
CKZ24,2024-06-04,74.57,74.71,72.27,72.33,34073,330000
CKZ24,2024-06-05,72.73,73.32,70.94,71.82,31464,330342
CKZ24,2024-06-06,71.8,73.07,71.25,72.1,23849,330186
CKZ24,2024-06-07,71.89,71.89,71.01,71.39,19785,331118
CKZ24,2024-06-10,71.14,71.2,69.28,70.8,31217,331242
CKZ24,2024-06-11,70.8,72.17,69.87,70.63,29535,333575
CKZ24,2024-06-12,70.25,71.85,69.97,70.74,23168,333805
CKZ24,2024-06-13,70.3,72,70.3,70.71,24587,334373
CKZ24,2024-06-14,70.75,71.09,68.17,68.28,39780,338682
CKZ24,2024-06-17,68.5,69.3,67.51,67.99,26687,338785
CKZ24,2024-06-18,68.26,69.25,67.71,68.5,37155,346400
CKZ24,2024-06-19,68.87,70.81,68.5,70.33,28287,342582
CKZ24,2024-06-20,70.6,71.6,69.05,69.22,25283,342937
CKZ24,2024-06-21,69.53,69.53,67.94,68.13,28267,349260
CKZ24,2024-06-24,68.02,68.28,67.01,67.35,31847,353485
CKZ24,2024-06-25,67.45,68.07,66.85,67.92,25633,354577
CKZ24,2024-06-26,68.19,69.09,66.79,66.93,25990,355843
CKZ24,2024-06-27,67.04,67.78,66.42,66.67,24577,358346
CKZ24,2024-06-28,66.5,68.4,65.78,67.47,24003,357843
CKZ24,2024-07-01,67.41,69.68,67.13,68.05,22386,357779
CKZ24,2024-07-02,68.3,71.03,67.52,70.67,31908,358571
CKZ24,2024-07-03,70.7,71.95,69.99,70.76,33451,359447
CKZ24,2024-07-04,70.75,71.16,69.81,70.07,24752,359778
CKZ24,2024-07-05,70.07,71.24,69.94,70.36,16441,359688
CKZ24,2024-07-08,70.59,71.85,68.8,68.99,30242,361404
CKZ24,2024-07-09,68.98,69.2,68.11,68.56,20539,362325
CKZ24,2024-07-10,68.66,69.43,67.86,67.96,20132,363609
CKZ24,2024-07-11,68.15,68.83,67.6,68.37,22021,363359
CKZ24,2024-07-12,68.52,69.53,67.69,69.19,19468,362207
CKZ24,2024-07-15,69.58,69.58,67.09,67.64,27595,363566
CKZ24,2024-07-16,67.85,68.3,67.16,68.02,21326,363416
CKZ24,2024-07-17,68.01,68.13,66.41,66.54,26377,366585
CKZ24,2024-07-18,66.43,66.98,66.01,66.44,20688,367825
CKZ24,2024-07-19,66.35,67.49,65.72,66.3,17152,368656
CKZ24,2024-07-22,66.28,66.79,64.24,64.72,29912,372152
CKZ24,2024-07-23,64.73,66.24,64.26,65.73,22544,372909
CKZ24,2024-07-24,65.79,69.04,65.55,68.41,32784,372504
CKZ24,2024-07-25,68.91,68.94,66.6,66.81,26988,372183
CKZ24,2024-07-26,67.01,68.26,66.79,67.87,19855,367607
CKZ24,2024-07-29,67.7,68.9,67.2,68.69,21029,368552
CKZ24,2024-07-30,68.89,69.3,67.47,68.64,25767,370149
CKZ24,2024-07-31,68.72,69.5,68.03,69.21,26344,368504
CKZ24,2024-08-01,69.55,71.5,68.83,71.18,33767,366962
CKZ24,2024-08-02,71.18,71.31,69.43,70.58,26393,364941
CKZ24,2024-08-05,69.89,69.89,67.85,68.73,26971,362639
CKZ24,2024-08-06,69.02,70.39,69.02,69.96,22124,362409
CKZ24,2024-08-07,69.96,71.43,69.1,70.57,23495,362445
CKZ24,2024-08-08,71.19,71.73,69.72,71.06,25818,362435
CKZ24,2024-08-09,71,71.86,69.61,70.14,20312,362925
CKZ24,2024-08-12,70.08,74.13,69.46,72.65,39297,362516
CKZ24,2024-08-13,72.14,73.06,71.14,71.29,25819,362022
CKZ24,2024-08-14,71.35,72.44,71.26,71.87,15753,364817
CKZ24,2024-08-15,71.98,72.23,70.48,72.11,22757,364324
CKZ24,2024-08-16,72.19,72.98,71.5,72.52,14659,364313
CKZ24,2024-08-19,72.5,73.8,72.01,73.14,20346,364945
CKZ24,2024-08-20,72.94,74.75,72.65,73.07,29995,363977
CKZ24,2024-08-21,73.29,73.83,71.68,72.14,20045,363999
CKZ24,2024-08-22,72.42,72.64,71.17,71.57,22100,367127
CKZ24,2024-08-23,71.51,72.37,70.62,71.13,16664,367336
CKZ24,2024-08-26,71.1,71.75,70.07,70.49,17218,368185
CKZ24,2024-08-27,70.67,71.93,70.24,71.49,20880,371185
CKZ24,2024-08-28,71.51,72.21,70.35,70.77,22665,372699
CKZ24,2024-08-29,70.65,71.23,70.08,71.06,20726,372277
CKZ24,2024-08-30,71.09,71.45,69.96,70.3,20557,370621
CKZ24,2024-09-02,70.03,70.99,69.56,70.43,24524,370115
CKZ24,2024-09-03,70.41,70.44,68.1,68.16,34962,374203
CKZ24,2024-09-04,68.1,68.47,66.75,67,28038,373027
CKZ24,2024-09-05,66.79,67.68,65.95,66.2,33738,372667
CKZ24,2024-09-06,66.1,67.74,66.04,66.5,33392,368659
CKZ24,2024-09-09,66.5,67.45,66.06,66.52,24486,369933
CKZ24,2024-09-10,66.27,67.18,64.76,64.92,34476,371505
CKZ24,2024-09-11,65.14,66.53,64.71,66.4,31441,372897
CKZ24,2024-09-12,66.08,66.43,65.11,65.45,24047,376051
CKZ24,2024-09-13,65.25,65.94,64.6,64.99,25956,378833
CKZ24,2024-09-16,64.85,64.97,63.15,63.21,37405,381133
CKZ24,2024-09-17,63.2,65.16,62.45,64.34,33428,380589
CKZ24,2024-09-18,64.49,64.88,63.21,63.7,22574,381654
CKZ24,2024-09-19,63.93,65.42,62.39,62.82,49397,386025
CKZ24,2024-09-20,63.5,64.15,62.88,63.39,24427,385967
CKZ24,2024-09-23,63.7,64.72,63.34,64.1,27180,388015
CKZ24,2024-09-24,64.21,64.93,63.53,63.87,31132,389549
CKZ24,2024-09-25,64.28,65.59,63.65,65.24,33931,392421
CKZ24,2024-09-26,65.25,66.75,64.34,66.52,31100,396747
CKZ24,2024-09-27,66,66.46,65.28,66.33,21369,396531
CKZ24,2024-09-30,66.46,66.97,65.13,65.56,25803,398090
CKZ24,2024-10-01,65.23,65.23,62.75,63.61,48305,405300
CKZ24,2024-10-02,63.9,65.04,62.54,62.6,35784,412005
CKZ24,2024-10-03,62.56,62.96,62.01,62.76,23528,413145
CKZ24,2024-10-04,62.04,62.57,61.41,62.05,25357,414837
CKZ24,2024-10-07,61.52,62.5,60.06,61.76,61028,393040
CKZ24,2024-10-08,61.92,61.92,60.07,60.29,31756,393311
CKZ24,2024-10-09,60.19,62.71,59.95,62.01,36106,392335
CKZ24,2024-10-10,62.52,65.21,62.04,65,30189,389537
CKZ24,2024-10-11,64.9,65.09,63.75,64.62,25050,386382
CKZ24,2024-10-14,64.75,66.18,63.85,65.97,23329,386732
CKZ24,2024-10-15,65.41,65.59,64.17,65.09,24997,385968
CKZ24,2024-10-16,64.84,65.63,62.8,63.03,28445,386277
CKZ24,2024-10-17,63.03,63.64,62.63,62.98,20512,386770
CKZ24,2024-10-18,63,63.47,62.22,62.28,21055,387564
CKZ24,2024-10-21,62.45,62.95,61.36,61.76,23678,389463
CKZ24,2024-10-22,61.9,62.56,61.29,62.25,26357,391398
CKZ24,2024-10-23,62.35,65.36,61.71,64.89,30671,389968
CKZ24,2024-10-24,64.95,67.57,64.75,66.63,42143,389085
CKZ24,2024-10-25,66.61,67.36,66.08,66.97,31313,385602
CKZ24,2024-10-28,66.25,66.61,64.61,66.4,27999,383677
CKZ24,2024-10-29,66.82,67.75,66.14,67.28,33572,379961
CKZ24,2024-10-30,66.85,67.19,64.94,65.47,25801,377423
CKZ24,2024-10-31,65.48,65.95,63.54,64.58,27403,381074
CKZ24,2024-11-01,63.78,64.96,63.22,63.87,24861,380760
CKZ24,2024-11-04,64.09,65.89,64,65.22,25352,380345
CKZ24,2024-11-05,65.46,65.69,64.1,64.3,24661,380625
CKZ24,2024-11-06,64,64.19,62.37,63.76,32219,380268
CKZ24,2024-11-07,63.78,66.29,63.65,66.04,30726,377881
CKZ24,2024-11-08,66.25,68.28,65.96,68.02,36730,377527
CKZ24,2024-11-11,67.27,68.8,66.92,67.57,32430,379654
CKZ24,2024-11-12,67.5,67.77,65.76,67.53,33587,377282
CKZ24,2024-11-13,67.12,67.24,65.39,66.31,34369,371081
CKZ24,2024-11-14,66.72,68.46,66.61,68.27,37815,370048
CKZ24,2024-11-15,68.25,68.8,66.75,68.01,32699,367017
CKZ24,2024-11-18,67.28,70.03,66.96,69.51,38344,368896
CKZ24,2024-11-19,69.47,69.83,67.84,68.13,35332,363424
CKZ24,2024-11-20,68.02,69.4,67.89,68.38,27202,363160
CKZ24,2024-11-21,68.46,70.78,68.45,69.99,40130,359378
CKZ24,2024-11-22,70.49,70.96,69.01,69.27,39971,349180
CKZ24,2024-11-25,69.75,71.54,69.24,69.86,32418,346078
CKZ24,2024-11-26,69.7,69.75,68.25,69.23,34264,339732
CKZ24,2024-11-27,69.24,69.38,67.7,68.47,25996,334774
CKZ24,2024-11-28,68.13,68.91,67.53,67.63,25891,332902
CKZ24,2024-11-29,67.85,68.54,67.13,68.4,22283,332063
CKZ24,2024-12-02,68.55,70.14,68.1,68.83,33762,329030
CKZ24,2024-12-03,68.9,69.25,67.85,68.49,29000,323554
CKZ24,2024-12-04,68.01,68.28,67.28,67.86,29531,317900
CKZ24,2024-12-05,67.81,68.69,66.91,67.34,28098,316854
CKZ24,2024-12-06,67.25,68.74,66.92,68.31,29001,309974
CKZ24,2024-12-09,68.55,68.7,65.93,66.37,47092,282208
CKZ24,2024-12-10,66.35,68.72,66.15,68.18,43061,272021
CKZ24,2024-12-11,68.3,69.58,67.91,68.63,43387,250883
CKZ24,2024-12-12,68.53,68.84,65.54,66.1,47624,244224
CKZ24,2024-12-13,65.81,66.61,64.15,64.43,20575,238631
CKZ24,2024-12-16,64.05,64.31,62.73,63.32,6165,236119
CKZ25,2024-12-17,65,65.85,64.05,64.26,26962,298481
CKZ25,2024-12-18,64.4,65.75,64.15,64.86,25644,301001
CKZ25,2024-12-19,65,68,64.78,67.69,34211,297267
CKZ25,2024-12-20,67.85,68.7,67.4,68.2,16854,295576
CKZ25,2024-12-23,68,70.15,67.36,69.68,16222,295328
CKZ25,2024-12-24,69.66,70.05,69.06,69.47,6139,294546
CKZ25,2024-12-27,69.75,71.8,69.61,71.56,13792,293957
CKZ25,2024-12-30,71.65,72.06,70.4,71.98,15094,291975
CKZ25,2024-12-31,72.04,73.62,71.9,73,14671,290057
CKZ25,2025-01-02,73.55,75.35,72,75.19,26454,288343
CKZ25,2025-01-03,75.05,76.35,74.86,75.94,22634,288274
CKZ25,2025-01-06,75.94,76.15,73.8,74.36,25336,290888
CKZ25,2025-01-07,74.56,74.92,72.91,74.04,26269,292105
CKZ25,2025-01-08,74.62,74.62,71.91,72.17,25207,293213
CKZ25,2025-01-09,71.95,73.71,71.55,73.46,26945,293657
CKZ25,2025-01-10,73.39,75.18,72.33,74.85,28395,293931
CKZ25,2025-01-13,75.4,77.23,75.4,76.92,30685,293042
CKZ25,2025-01-14,76.75,77.25,75.75,76.96,23587,293909
CKZ25,2025-01-15,77.25,78.95,77.2,77.98,32737,294142
CKZ25,2025-01-16,78,78.75,77.25,78.33,29678,296081
CKZ25,2025-01-17,78.18,80.5,77.8,79.26,33966,297810
CKZ25,2025-01-20,79,80.5,78.45,79.99,28308,298121
CKZ25,2025-01-21,80.11,80.42,77.9,80.27,33204,297541
CKZ25,2025-01-22,79.81,79.95,78.48,78.94,26233,298262
CKZ25,2025-01-23,79.22,82,78.98,80.76,38600,298028
CKZ25,2025-01-24,81.11,81.73,79.88,81.67,27479,295959
CKZ25,2025-01-27,81.07,81.58,79,79.36,29406,295952
CKZ25,2025-01-28,79.55,80.8,78.3,80.26,30648,296177
CKZ25,2025-01-29,80.8,83.8,80.8,82.95,33851,295720
CKZ25,2025-01-30,83.5,84.5,82.25,82.66,29987,296306
CKZ25,2025-01-31,82.9,84.44,82.67,83.93,25637,298024
CKZ25,2025-02-03,84.01,84.22,80.1,80.96,42835,299817
CKZ25,2025-02-04,81.1,81.9,79.48,80.88,33803,300191
CKZ25,2025-02-05,81,82.66,79.77,81.12,28077,302392
CKZ25,2025-02-06,81.05,83,80.94,81.93,31289,307136
CKZ25,2025-02-07,81.64,82.65,81.11,82.28,21203,307153
CKZ25,2025-02-10,82.7,84.25,82.7,82.94,25919,309021
CKZ25,2025-02-11,82.8,84.17,81.62,82.59,30997,312360
CKZ25,2025-02-12,81.6,82.12,80.05,80.29,31604,314720
CKZ25,2025-02-13,80.25,80.49,77.79,78.05,43332,313902
CKZ25,2025-02-14,77.69,79.93,77.25,79.75,32322,313285
CKZ25,2025-02-17,79.88,79.88,76.8,77.21,26715,313288
CKZ25,2025-02-18,76.73,77.4,74.63,75.74,46051,310867
CKZ25,2025-02-19,75.48,76.26,73.53,74.02,32208,309342
CKZ25,2025-02-20,73.85,73.97,72.26,72.67,42914,309737
CKZ25,2025-02-21,72.6,74.9,72.41,73.9,29690,309194
CKZ25,2025-02-24,74.62,74.99,72.16,73.66,31858,307865
CKZ25,2025-02-25,73.76,74,71.15,71.75,31628,308138
CKZ25,2025-02-26,71.78,72.58,70.69,71.02,32840,307467
CKZ25,2025-02-27,71,73.53,71,72.78,34985,306175
CKZ25,2025-02-28,72.9,73.69,70.76,71,27409,305033
CKZ25,2025-03-03,71.8,72.87,71.28,71.55,26455,306181
CKZ25,2025-03-04,71.4,71.66,67.7,68.5,53867,309732
CKZ25,2025-03-05,68.21,69.55,68.07,68.79,40091,309971
CKZ25,2025-03-06,68.26,69.12,66.84,67.32,42508,312131
CKZ25,2025-03-07,67.3,69.45,66.78,68.63,40826,313127
CKZ25,2025-03-10,68.45,70.28,67.65,69.01,37554,318886
CKZ25,2025-03-11,68.76,69.71,67.42,68.24,30833,319989
CKZ25,2025-03-12,67.69,69.81,67.27,69.62,27375,320702
CKZ25,2025-03-13,69.36,71.82,68.54,70.6,37728,321147
CKZ25,2025-03-14,70.42,71.75,69.37,70.99,25075,322745
CKZ25,2025-03-17,70.37,70.99,69.59,70.11,20039,322939
CKZ25,2025-03-18,70.17,71.75,69.82,71.3,31663,326310
CKZ25,2025-03-19,71.5,74.23,71.5,73.44,35852,328614
CKZ25,2025-03-20,73.73,74.19,72.8,73.01,27713,329253
CKZ25,2025-03-21,74,74.16,71.23,71.45,26970,330421
CKZ25,2025-03-24,71.3,71.94,70.75,71.52,23883,330494
CKZ25,2025-03-25,71.25,71.6,70.21,70.46,27998,331662
CKZ25,2025-03-26,70.27,71.8,69.88,70.83,30723,331610
CKZ25,2025-03-27,70.55,70.58,68.08,68.54,43696,330741
CKZ25,2025-03-28,68.2,69.38,67.95,68.8,22718,330548
CKZ25,2025-03-31,68.55,69.18,67.08,67.98,35099,330277
CKZ25,2025-04-01,67.98,70.72,67.61,69.86,35632,333401
CKZ25,2025-04-02,70,70.35,68.16,68.55,26794,336480
CKZ25,2025-04-03,67.46,67.48,65.63,66.06,49500,336361
CKZ25,2025-04-04,66.06,66.26,62.69,63.82,64730,331383
CKZ25,2025-04-07,62.5,65.24,60.26,62.84,66118,330726
CKZ25,2025-04-08,63.46,63.57,60.84,62.06,44524,329531
CKZ25,2025-04-09,60.65,61.67,60.07,60.94,48549,329497
CKZ25,2025-04-10,63.5,65.26,61.68,62.12,41656,328856
CKZ25,2025-04-11,62.82,65.33,61.78,64.82,37729,328218
CKZ25,2025-04-14,65.22,67.33,65.15,66.51,27992,327744
CKZ25,2025-04-15,66.6,67.95,65.75,66.19,27300,328550
CKZ25,2025-04-16,65.7,67.64,65.52,66.97,26776,327733
CKZ25,2025-04-17,67.18,67.37,65.47,65.89,21339,328126
CKZ25,2025-04-21,65.89,65.89,65.89,65.89,0,0
CKZ25,2025-04-22,65.1,65.94,63.61,64.39,26243,329625
CKZ25,2025-04-23,64.8,67.3,64.8,66.9,32337,328807
CKZ25,2025-04-24,66.52,66.69,64.75,66.31,26372,328740
CKZ25,2025-04-25,66.46,67.63,66.24,66.43,24713,328566
CKZ25,2025-04-28,66.11,66.37,64.72,65.31,23552,328527
CKZ25,2025-04-29,64.95,65.4,64.14,64.85,24939,331622
CKZ25,2025-04-30,64.9,66.9,64.52,66.55,22903,329167
CKZ25,2025-05-01,66.86,67.35,66.24,67.02,9364,328038
CKZ25,2025-05-02,67.07,69.27,66.78,68.76,27728,327584
CKZ25,2025-05-05,68.68,68.73,66.7,67.47,20259,327642
CKZ25,2025-05-06,67.55,69.68,67.45,69.27,27184,328301
CKZ25,2025-05-07,69.65,71.4,69.05,71.06,33172,325047
CKZ25,2025-05-08,71.06,71.76,70.4,70.72,25019,324400
CKZ25,2025-05-09,71.05,71.49,69.82,70.39,20188,323552
CKZ25,2025-05-12,70.8,73.63,70.52,73.41,33930,322318
CKZ25,2025-05-13,73.12,73.82,71.9,72.9,29577,318809
CKZ25,2025-05-14,73.08,73.63,71.55,72.33,21274,318806
CKZ25,2025-05-15,72.1,73.7,71.2,73.41,25382,317478
CKZ25,2025-05-16,73.45,75.02,70.81,70.99,36994,317705
CKZ25,2025-05-19,70.99,72.46,69.6,70.42,34545,316698
CKZ25,2025-05-20,69.76,73.51,69.73,73.18,29194,317798
CKZ25,2025-05-21,73.62,73.87,72.3,72.74,22246,318115
CKZ25,2025-05-22,72.59,73.63,71.75,72.15,25750,318727
CKZ25,2025-05-23,72.5,73,70,71.56,29768,317448
CKZ25,2025-05-26,72,73.37,72,73.03,13103,316769
CKZ25,2025-05-27,72.91,73.09,70.8,71.76,24919,318101
CKZ25,2025-05-28,71.2,72.65,70.77,72.07,24162,320932
CKZ25,2025-05-29,72.86,73.48,70.65,70.94,24700,320491
CKZ25,2025-05-30,70.76,71.69,70.13,70.41,19723,317555
CKZ25,2025-06-02,70.01,72.14,70.01,70.91,26299,317426
CKZ25,2025-06-03,71.07,72.86,70.68,72.6,27013,319824
CKZ25,2025-06-04,72.48,73.57,72.22,72.61,22761,320187
CKZ25,2025-06-05,72.61,74.04,72.32,72.74,27691,321194
CKZ25,2025-06-06,72.9,73.95,72.57,73.5,15973,321022
CKZ25,2025-06-09,73.88,74.94,73.24,74.23,21681,320734
CKZ25,2025-06-10,74.23,74.28,72.31,72.66,27510,320699
CKZ25,2025-06-11,73.02,74.95,72.78,74.36,30312,322494
CKZ25,2025-06-12,74.26,75.8,73.32,75.39,36503,324500
CKZ25,2025-06-13,76,76.75,75.58,75.94,29640,323965
CKZ25,2025-06-16,75.76,76.47,74.69,75.34,29727,323780
CKZ25,2025-06-17,75.15,75.66,74.16,74.64,25551,325145
CKZ25,2025-06-18,74.85,75.26,74.19,74.61,25811,324035
CKZ25,2025-06-19,74.6,75.03,71.73,72.74,41798,325610
CKZ25,2025-06-20,72.86,73.37,72.08,72.97,22325,324690
CKZ25,2025-06-23,72.85,73.5,72.43,73.27,26599,324446
CKZ25,2025-06-24,73,74.57,72.6,73.54,38626,321931
CKZ25,2025-06-25,73.24,73.4,70.96,71.15,31861,322739
CKZ25,2025-06-26,71.08,71.5,70.26,70.4,35120,320370
CKZ25,2025-06-27,70.42,71.14,70.11,70.96,24264,319363
CKZ25,2025-06-30,71.03,71.08,68.71,68.97,27504,319974
CKZ25,2025-07-01,69.11,70.89,68.9,70.58,25719,318476
CKZ25,2025-07-02,70.59,72.29,70.55,71.93,21001,319486
CKZ25,2025-07-03,71.7,72.79,71.06,72.06,22285,318241
CKZ25,2025-07-04,72.32,72.32,71.25,71.67,12909,319160
CKZ25,2025-07-07,71.7,71.99,70.62,71.2,17583,318933
CKZ25,2025-07-08,71.22,71.46,70.28,70.42,20614,319320
CKZ25,2025-07-09,70.45,71.08,69.89,70.39,17800,320154
CKZ25,2025-07-10,70.37,71.55,70.31,70.74,18572,321618
CKZ25,2025-07-11,70.6,71,69.64,70.55,21755,321020
CKZ25,2025-07-14,70.1,71.39,69.52,70.42,23617,323301
CKZ25,2025-07-15,70.3,71.65,69.99,71.51,19394,325885
CKZ25,2025-07-16,71.28,72.39,70.84,71.31,18060,326325
CKZ25,2025-07-17,71.16,71.39,70.32,70.55,20011,326066
CKZ25,2025-07-18,70.55,71.03,69.84,69.89,18031,327097
CKZ25,2025-07-21,70.12,70.55,69.72,69.83,20623,328708
CKZ25,2025-07-22,69.91,69.91,68.86,69.11,24527,329710
CKZ25,2025-07-23,69.34,69.99,69,69.36,19453,331048
CKZ25,2025-07-24,69.83,71.18,69.23,70.88,30788,332644
CKZ25,2025-07-25,71.11,71.5,70.64,71.34,17457,333078
CKZ25,2025-07-28,71.5,72.25,70.06,70.65,24470,333961
CKZ25,2025-07-29,70.73,73.3,70.4,73.08,32094,335880
CKZ25,2025-07-30,73.18,73.35,72.52,72.86,14923,334621
CKZ25,2025-07-31,72.64,73.07,72.22,72.66,20485,335217
CKZ25,2025-08-01,72.3,72.43,71,71.04,27573,335306
CKZ25,2025-08-04,71,71.33,70.15,70.85,22021,333839
CKZ25,2025-08-05,70.86,71.74,70.5,71.59,21039,333937
CKZ25,2025-08-06,71.39,71.71,70.75,70.99,17204,335278
CKZ25,2025-08-07,70.73,72.01,70.3,71.77,25382,334273
CKZ25,2025-08-08,71.96,73.35,71.8,73.21,28220,334592
CKZ25,2025-08-11,72.98,73.15,72,72.37,18799,332913
CKZ25,2025-08-12,72.29,72.42,71.37,71.5,17885,333519
CKZ25,2025-08-13,71.5,72.15,71.26,71.74,14855,334724
CKZ25,2025-08-14,71.88,71.88,70.57,70.96,27440,331793
CKZ25,2025-08-15,71.02,71.31,70.28,70.68,16547,332925
CKZ25,2025-08-18,70.89,71.99,70.3,71.82,22935,334562
CKZ25,2025-08-19,71.65,72.08,71.03,71.16,22157,335216
CKZ25,2025-08-20,71.3,71.54,70.65,71.29,17754,336461
CKZ25,2025-08-21,71.49,72.76,71.06,72.62,26994,336880
CKZ25,2025-08-22,72.6,72.8,72.26,72.53,26994,336880
CKZ25,2025-08-25,72.51,72.6,71.82,72.19,15152,338181
CKZ25,2025-08-26,72.04,72.98,71.58,72.75,21059,340557
CKZ25,2025-08-27,72.72,73.3,71.93,72.24,19162,339452
CKZ25,2025-08-28,72.34,72.34,71.31,71.72,24646,340721
CKZ25,2025-08-29,71.72,73.05,71.6,72.99,23413,342992
CKZ25,2025-09-01,72.9,74.55,72.78,73.97,32664,345801
CKZ25,2025-09-02,74.12,74.44,73.36,73.61,28117,344044
CKZ25,2025-09-03,73.46,75.05,73.42,74.95,28898,342971
CKZ25,2025-09-04,75,75.71,74.58,75.44,27743,343492
CKZ25,2025-09-05,75.29,76.25,75.29,76.04,27459,343314
CKZ25,2025-09-08,76.05,77.32,75.5,77.17,28614,344793
CKZ25,2025-09-09,77,77.23,76,76.9,31688,346299
CKZ25,2025-09-10,77,77.58,76.25,77.1,25327,348331
CKZ25,2025-09-11,77.17,77.3,75.3,75.54,34837,349117
CKZ25,2025-09-12,75.34,76.03,75.1,75.77,21957,351133
CKZ25,2025-09-15,75.6,77.06,75.11,76.75,29113,353026
CKZ25,2025-09-16,77.05,78.26,76.49,77.51,32480,352111
CKZ25,2025-09-17,77.5,78.45,76.69,76.98,31125,351066
CKZ25,2025-09-18,76.94,78.23,76.83,77.84,26429,352301
CKZ25,2025-09-19,77.65,77.75,77.01,77.55,18696,353508
CKZ25,2025-09-22,77.69,77.69,75.91,76.21,27291,355535
CKZ25,2025-09-23,76.21,77.25,75.77,76.79,25554,357172
CKZ25,2025-09-24,76.64,76.78,75.77,76.02,22093,354700
CKZ25,2025-09-25,76.03,76.59,75.36,75.76,25407,353056
CKZ25,2025-09-26,75.53,76.1,75.1,75.98,20195,355873
CKZ25,2025-09-29,75.85,76.97,75.06,76.79,27910,359076
CKZ25,2025-09-30,76.79,76.8,75.57,75.72,24553,360319
CKZ25,2025-10-01,75.61,76.56,74.51,76.33,33967,358983
CKZ25,2025-10-02,76.35,77.8,76.11,77.43,31991,360295
CKZ25,2025-10-03,77.65,79.55,77.52,79.16,33990,361436
CKZ25,2025-10-06,79.72,80.11,78.61,78.75,31030,360935
CKZ25,2025-10-07,78.75,79.13,78,78.31,27641,361096
CKZ25,2025-10-08,78.14,79.29,77.9,79.01,19358,359782
CKZ25,2025-10-09,78.9,79.54,78.04,79.23,25204,360888
CKZ25,2025-10-10,79.22,80.37,79.01,79.68,31682,360315
CKZ25,2025-10-13,79.54,79.74,77.76,78.12,32542,360160
CKZ25,2025-10-14,77.9,77.9,76.69,76.92,32098,358826
CKZ25,2025-10-15,76.73,78.3,76.68,77.88,26110,359065
CKZ25,2025-10-16,78.06,79.69,77.61,79.51,27016,360218
CKZ25,2025-10-17,78.99,79.9,78.12,79.46,32241,360868
CKZ25,2025-10-20,79.5,79.96,78.65,79.82,25311,360757
CKZ25,2025-10-21,79.81,79.99,78.92,79.58,23122,360179
CKZ25,2025-10-22,79.4,79.64,78.15,78.46,24580,359554
CKZ25,2025-10-23,78.48,79.19,78.02,78.44,25453,359234
CKZ25,2025-10-24,78.49,78.89,77.91,78.32,17200,360621
CKZ25,2025-10-27,78.3,78.3,77.01,77.77,22999,361245
CKZ25,2025-10-28,77.94,78.88,77.5,78.32,23625,364780
CKZ25,2025-10-29,78.65,79.13,78.18,78.81,22112,367005
CKZ25,2025-10-30,78.86,79.54,78.54,78.67,22435,369822
CKZ25,2025-10-31,78.79,79.13,78.01,78.54,20288,370256
CKZ25,2025-11-03,78.78,81.75,78.78,81.2,47976,370812
CKZ25,2025-11-04,81.2,82.41,81.06,82.31,34708,370620
CKZ25,2025-11-05,82,82.23,80.89,81.49,26676,372516
CKZ25,2025-11-06,81.24,81.24,80.12,80.17,33941,366350
CKZ25,2025-11-07,80.35,80.68,79.42,79.47,32535,362665
CKZ25,2025-11-10,79.55,80.35,78.91,79.96,28311,361512
CKZ25,2025-11-11,80.01,80.9,79.5,80.65,36509,351311
CKZ25,2025-11-12,80.79,82.37,80.79,81.91,41099,346481
CKZ25,2025-11-13,82.16,82.79,80.92,81.34,41770,335296
CKZ25,2025-11-14,81.28,81.75,80.44,80.93,28084,334076
CKZ25,2025-11-17,81.45,81.45,79.78,79.92,34460,331393
CKZ25,2025-11-18,79.91,81.45,79.52,81.22,40851,324653
CKZ25,2025-11-19,80.89,81.59,80.2,80.66,32508,318296
CKZ25,2025-11-20,80.66,81.89,80.66,81.36,28326,317131
CKZ25,2025-11-21,80.85,81,80.04,80.41,32453,311604
CKZ25,2025-11-24,80.3,80.9,79.57,80.61,45681,302141
CKZ25,2025-11-25,80.54,82.2,80.49,81.87,45134,299850
CKZ25,2025-11-26,82.01,82.34,81.3,81.68,43705,291428
CKZ25,2025-11-27,81.69,82.52,81.01,82.21,55623,283250
CKZ25,2025-11-28,82.26,83.32,82.26,83.26,33702,278303
CKZ25,2025-12-01,83,83.37,82.53,82.64,39238,266491
CKZ25,2025-12-02,82.5,82.56,81.51,81.82,47309,260894
CKZ25,2025-12-03,81.88,82.36,81.22,81.79,46309,251573
CKZ25,2025-12-04,81.55,82.68,81.28,82.43,48548,236979
CKZ25,2025-12-05,82.47,82.74,81.61,81.98,39010,226394
CKZ25,2025-12-08,81.74,82.58,81.66,81.98,33505,218899
CKZ25,2025-12-09,82.1,82.95,81.88,82.85,41002,216462
CKZ25,2025-12-10,82.62,82.9,81.92,82.42,44575,201520
CKZ25,2025-12-11,82.72,84.4,82.72,83.9,44122,183007
CKZ25,2025-12-12,84.08,84.4,83.4,83.79,20514,174125
CKZ25,2025-12-15,83.67,85.51,83.67,85,6632,171590
CKZ26,2025-12-16,87.37,87.98,86.95,87.36,19846,353409
CKZ26,2025-12-17,87.37,88.49,86.45,86.8,32807,357488
CKZ26,2025-12-18,86.89,87.14,85.56,86.48,27485,356398
CKZ26,2025-12-19,86.6,87.29,86.08,87.05,16349,357322
CKZ26,2025-12-22,87.05,87.95,86.71,87.48,17696,358373
CKZ26,2025-12-23,87.48,88.88,87.48,88.54,18145,358221
CKZ26,2025-12-24,88.54,88.59,87.74,88.01,6770,358985
CKZ26,2025-12-26,88.01,88.01,88.01,88.01,0,0
CKZ26,2025-12-29,88.07,88.47,87.25,87.46,15968,358285
CKZ26,2025-12-30,87.25,87.6,86.92,87.28,13747,356365
CKZ26,2025-12-31,86.99,87.55,86.83,87.37,11918,355979
CKZ26,2026-01-02,87.55,88.88,87.47,88.31,15833,356642
CKZ26,2026-01-05,88.09,88.78,87.05,87.25,27596,354539
CKZ26,2026-01-06,87.51,88.15,87.13,88.1,22456,352713
CKZ26,2026-01-07,88.2,88.75,87.76,88.13,27625,353178
CKZ26,2026-01-08,87.6,88.34,87.1,88.19,26468,0
